player_id,player_name,team,total_fga,freq_rim,freq_paint,freq_mid,freq_corner3,freq_atb3,freq_three,freq_rim_plus_paint,rim_fg_pct,mid_fg_pct,corner3_pct,atb3_pct
1630639,A.J. Lawson,TOR,190,0.363157895,0.089473684,0.015789474,0.189473684,0.342105263,0.531578947,0.452631579,0.565217391,0.333333333,0.305555556,0.338461538
203932,Aaron Gordon,DEN,497,0.432595573,0.116700201,0.104627767,0.130784708,0.213279678,0.344064386,0.549295775,0.646511628,0.5,0.476923077,0.41509434
1628988,Aaron Holiday,HOU,268,0.082089552,0.160447761,0.082089552,0.134328358,0.537313433,0.671641791,0.242537313,0.727272727,0.5,0.472222222,0.381944444
1630174,Aaron Nesmith,IND,379,0.263852243,0.134564644,0.08707124,0.205804749,0.308707124,0.514511873,0.398416887,0.68,0.454545455,0.5,0.384615385
1630598,Aaron Wiggins,OKC,728,0.32967033,0.15521978,0.049450549,0.159340659,0.304945055,0.464285714,0.48489011,0.691666667,0.388888889,0.353448276,0.400900901
1641745,Adam Flagler,OKC,96,0.0625,0.083333333,0.104166667,0.09375,0.65625,0.75,0.145833333,0.666666667,0.5,0,0.222222222
1641737,Adem Bona,PHI,192,0.848958333,0.135416667,0.010416667,0.005208333,0,0.005208333,0.984375,0.73006135,0,0,0
1631260,AJ Green,MIL,424,0.030660377,0.025943396,0.087264151,0.264150943,0.58490566,0.849056604,0.056603774,0.615384615,0.351351351,0.526785714,0.383064516
1642358,AJ Johnson,WAS,213,0.370892019,0.183098592,0.023474178,0.056338028,0.356807512,0.41314554,0.55399061,0.569620253,0.2,0.416666667,0.25
1642349,Ajay Mitchell,OKC,184,0.293478261,0.304347826,0.076086957,0.097826087,0.222826087,0.320652174,0.597826087,0.62962963,0.428571429,0.388888889,0.390243902
201143,Al Horford,BOS,461,0.164859002,0.127982646,0.026030369,0.229934924,0.449023861,0.678958785,0.292841649,0.697368421,0.166666667,0.377358491,0.357487923
202692,Alec Burks,MIA,271,0.070110701,0.099630996,0.066420664,0.380073801,0.380073801,0.760147601,0.169741697,0.421052632,0.444444444,0.40776699,0.446601942
1627936,Alex Caruso,OKC,314,0.347133758,0.079617834,0.031847134,0.200636943,0.340764331,0.541401274,0.426751592,0.642201835,0.2,0.412698413,0.317757009
1642505,Alex Ducas,OKC,30,0.133333333,0.1,0.066666667,0.3,0.4,0.7,0.233333333,0.25,0.5,0.555555556,0.416666667
203458,Alex Len,LAL,63,0.444444444,0.349206349,0.063492063,0.063492063,0.079365079,0.142857143,0.793650794,0.607142857,0.25,0.25,0.2
1642024,Alex Reese,PHI,54,0.166666667,0.055555556,0.018518519,0.277777778,0.462962963,0.740740741,0.222222222,1,1,0.2,0.48
1642259,Alex Sarr,WAS,828,0.231884058,0.268115942,0.088164251,0.064009662,0.347826087,0.411835749,0.5,0.635416667,0.369863014,0.358490566,0.298611111
1630578,Alperen Sengun,HOU,1143,0.420822397,0.407699038,0.092738408,0.005249344,0.073490814,0.078740157,0.828521435,0.648648649,0.377358491,0.333333333,0.226190476
1641708,Amen Thompson,HOU,697,0.512195122,0.259684362,0.097560976,0.077474892,0.050215208,0.1276901,0.771879484,0.719887955,0.382352941,0.37037037,0.142857143
1629599,Amir Coffey,LAC,510,0.207843137,0.18627451,0.121568627,0.184313725,0.3,0.484313725,0.394117647,0.650943396,0.5,0.457446809,0.379084967
203083,Andre Drummond,PHI,234,0.64957265,0.226495726,0.038461538,0.034188034,0.042735043,0.076923077,0.876068376,0.592105263,0.444444444,0.25,0.1
1641748,Andre Jackson Jr.,MIL,197,0.395939086,0.16751269,0.050761421,0.218274112,0.16751269,0.385786802,0.563451777,0.653846154,0.5,0.372093023,0.424242424
1629614,Andrew Nembhard,IND,539,0.220779221,0.228200371,0.226345083,0.087198516,0.235621521,0.322820037,0.448979592,0.697478992,0.459016393,0.29787234,0.291338583
203952,Andrew Wiggins,MIA,839,0.231227652,0.241954708,0.112038141,0.071513707,0.343265793,0.414779499,0.47318236,0.577319588,0.414893617,0.416666667,0.364583333
1629014,Anfernee Simons,POR,1125,0.166222222,0.182222222,0.124444444,0.052444444,0.470222222,0.522666667,0.348444444,0.614973262,0.471428571,0.355932203,0.366729679
1641710,Anthony Black,ORL,620,0.346774194,0.248387097,0.090322581,0.125806452,0.187096774,0.312903226,0.59516129,0.576744186,0.303571429,0.397435897,0.267241379
203076,Anthony Davis,DAL,910,0.36043956,0.298901099,0.204395604,0.012087912,0.124175824,0.136263736,0.659340659,0.722560976,0.424731183,0.090909091,0.300884956
1630162,Anthony Edwards,MIN,1612,0.225186104,0.141439206,0.130272953,0.062034739,0.434863524,0.496898263,0.36662531,0.633608815,0.376190476,0.43,0.395149786
1630264,Anthony Gill,WAS,88,0.363636364,0.261363636,0.022727273,0.147727273,0.204545455,0.352272727,0.625,0.625,0,0.307692308,0.333333333
1641817,Anton Watson,NYK,9,0.444444444,0.333333333,0.111111111,0,0.111111111,0.111111111,0.777777778,0.75,1,0,0
1641810,Antonio Reeves,NOP,248,0.221774194,0.173387097,0.084677419,0.189516129,0.326612903,0.516129032,0.39516129,0.581818182,0.380952381,0.340425532,0.432098765
1630574,Ariel Hukporti,NYK,31,0.741935484,0.258064516,0,0,0,0,1,0.739130435,0,0,0
1641709,Ausar Thompson,DET,460,0.613043478,0.254347826,0.026086957,0.056521739,0.041304348,0.097826087,0.867391304,0.673758865,0.333333333,0.269230769,0.210526316
1630559,Austin Reaves,LAL,1037,0.193828351,0.232401157,0.06171649,0.066538091,0.43876567,0.505303761,0.426229508,0.691542289,0.40625,0.463768116,0.369230769
1630245,Ayo Dosunmu,CHI,449,0.423162584,0.138084633,0.017817372,0.171492205,0.249443207,0.420935412,0.561247216,0.663157895,0.25,0.350649351,0.3125
1628389,Bam Adebayo,MIA,1113,0.239892183,0.398921833,0.16262354,0.059299191,0.139263252,0.198562444,0.638814016,0.700374532,0.453038674,0.454545455,0.316129032
1631248,Baylor Scheierman,BOS,110,0.109090909,0.090909091,0.054545455,0.227272727,0.518181818,0.745454545,0.2,0.666666667,0.5,0.32,0.315789474
1641767,Ben Sheppard,IND,287,0.209059233,0.06271777,0.034843206,0.411149826,0.282229965,0.693379791,0.271777003,0.683333333,0.5,0.338983051,0.345679012
1627732,Ben Simmons,LAC,223,0.488789238,0.466367713,0.044843049,0,0,0,0.955156951,0.605504587,0.2,0,0
1631097,Bennedict Mathurin,IND,853,0.344665885,0.189917937,0.127784291,0.052754982,0.281359906,0.334114889,0.534583822,0.615646259,0.366972477,0.4,0.333333333
1641731,Bilal Coulibaly,WAS,624,0.317307692,0.224358974,0.099358974,0.08974359,0.269230769,0.358974359,0.541666667,0.702020202,0.258064516,0.339285714,0.261904762
202687,Bismack Biyombo,SAS,114,0.51754386,0.447368421,0.035087719,0,0,0,0.964912281,0.711864407,0.25,0,0
1631104,Blake Wesley,SAS,186,0.489247312,0.123655914,0.075268817,0.112903226,0.198924731,0.311827957,0.612903226,0.593406593,0.142857143,0.333333333,0.27027027
1626171,Bobby Portis,MIL,595,0.21512605,0.2,0.285714286,0.080672269,0.218487395,0.299159664,0.41512605,0.65625,0.417647059,0.4375,0.338461538
1641752,Bobi Klintman,DET,10,0.2,0.2,0.1,0.2,0.3,0.5,0.4,1,1,0.5,0.333333333
203992,Bogdan Bogdanović,LAC,492,0.138211382,0.166666667,0.107723577,0.12601626,0.459349593,0.585365854,0.304878049,0.544117647,0.471698113,0.370967742,0.362831858
1629626,Bol Bol,PHX,183,0.114754098,0.169398907,0.207650273,0.278688525,0.229508197,0.508196721,0.284153005,0.80952381,0.657894737,0.352941176,0.333333333
1630538,Bones Hyland,MIN,118,0.127118644,0.06779661,0.110169492,0.06779661,0.618644068,0.686440678,0.194915254,0.533333333,0.384615385,0.5,0.383561644
203078,Bradley Beal,PHX,694,0.191642651,0.236311239,0.191642651,0.125360231,0.255043228,0.380403458,0.42795389,0.736842105,0.421052632,0.413793103,0.372881356
1642382,Branden Carlson,OKC,97,0.18556701,0.103092784,0.030927835,0.206185567,0.474226804,0.680412371,0.288659794,0.777777778,0.333333333,0.35,0.326086957
1641764,Brandin Podziemski,GSW,629,0.160572337,0.220985692,0.12718601,0.087440382,0.39745628,0.484896661,0.381558029,0.663366337,0.4125,0.4,0.372
1630527,Brandon Boston,NOP,381,0.270341207,0.157480315,0.204724409,0.083989501,0.283464567,0.367454068,0.427821522,0.621359223,0.461538462,0.3125,0.361111111
1629634,Brandon Clarke,MEM,380,0.492105263,0.421052632,0.042105263,0.036842105,0.007894737,0.044736842,0.913157895,0.807486631,0.5,0.071428571,0
1627742,Brandon Ingram,TOR,333,0.159159159,0.192192192,0.303303303,0.033033033,0.312312312,0.345345345,0.351351351,0.716981132,0.455445545,0.272727273,0.384615385
1641706,Brandon Miller,CHA,491,0.132382892,0.183299389,0.087576375,0.052953157,0.535641548,0.588594705,0.315682281,0.676923077,0.302325581,0.307692308,0.365019011
1630314,Brandon Williams,DAL,188,0.425531915,0.175531915,0.079787234,0.069148936,0.239361702,0.308510638,0.60106383,0.6375,0.533333333,0.461538462,0.4
1630296,Braxton Key,GSW,4,0.25,0.25,0.25,0,0.25,0.25,0.5,0,0,0,0
1641729,Brice Sensabaugh,UTA,599,0.103505843,0.188647746,0.086811352,0.202003339,0.41736227,0.619365609,0.292153589,0.629032258,0.461538462,0.504132231,0.384
1642355,Bronny James,LAL,67,0.104477612,0.313432836,0.104477612,0.119402985,0.358208955,0.47761194,0.417910448,0.714285714,0.285714286,0.25,0.291666667
201572,Brook Lopez,MIL,774,0.257105943,0.180878553,0.080103359,0.050387597,0.431524548,0.481912145,0.437984496,0.778894472,0.451612903,0.564102564,0.350299401
1628971,Bruce Brown,NOP,309,0.32038835,0.333333333,0.084142395,0.13592233,0.122977346,0.258899676,0.653721683,0.616161616,0.384615385,0.404761905,0.263157895
1631121,Bryce McGowens,POR,14,0.142857143,0.5,0.071428571,0.071428571,0.214285714,0.285714286,0.642857143,1,0,0,0
1642267,Bub Carrington,WAS,748,0.122994652,0.14171123,0.191176471,0.084224599,0.45855615,0.542780749,0.264705882,0.532608696,0.475524476,0.333333333,0.341107872
1627741,Buddy Hield,GSW,786,0.142493639,0.091603053,0.067430025,0.171755725,0.525445293,0.697201018,0.234096692,0.651785714,0.339622642,0.385185185,0.365617433
1630595,Cade Cunningham,DET,1457,0.249828415,0.331503089,0.131091283,0.014413178,0.270418668,0.284831846,0.581331503,0.568681319,0.45026178,0.380952381,0.360406091
1631216,Caleb Houstan,ORL,190,0.057894737,0.042105263,0.057894737,0.294736842,0.547368421,0.842105263,0.1,0.545454545,0.363636364,0.321428571,0.442307692
1628997,Caleb Martin,DAL,304,0.282894737,0.177631579,0.200657895,0.144736842,0.1875,0.332236842,0.460526316,0.581395349,0.37704918,0.477272727,0.280701754
1642353,Cam Christie,LAC,24,0.333333333,0.083333333,0.041666667,0.125,0.416666667,0.541666667,0.416666667,0.5,0,0,0.2
1642285,Cam Spencer,MEM,82,0.109756098,0.146341463,0.109756098,0.073170732,0.56097561,0.634146341,0.256097561,0.666666667,0.333333333,0.333333333,0.369565217
1630560,Cam Thomas,BKN,454,0.176211454,0.204845815,0.189427313,0.052863436,0.374449339,0.427312775,0.381057269,0.575,0.488372093,0.25,0.364705882
1641715,Cam Whitmore,HOU,403,0.302729529,0.163771712,0.079404467,0.104218362,0.349875931,0.454094293,0.466501241,0.631147541,0.4375,0.404761905,0.340425532
1629661,Cameron Johnson,BKN,747,0.224899598,0.123159304,0.105756359,0.124497992,0.421686747,0.546184739,0.348058902,0.714285714,0.417721519,0.430107527,0.377777778
1626166,Cameron Payne,NYK,446,0.170403587,0.192825112,0.062780269,0.062780269,0.511210762,0.573991031,0.3632287,0.473684211,0.321428571,0.321428571,0.368421053
1627747,Caris LeVert,ATL,599,0.325542571,0.150250417,0.050083472,0.150250417,0.323873122,0.474123539,0.475792988,0.646153846,0.266666667,0.422222222,0.350515464
1641717,Cason Wallace,OKC,489,0.329243354,0.198364008,0.047034765,0.196319018,0.229038855,0.425357873,0.527607362,0.658385093,0.304347826,0.333333333,0.375
1629646,Charles Bassey,SAS,117,0.692307692,0.273504274,0.034188034,0,0,0,0.965811966,0.617283951,0.25,0,0
1631096,Chet Holmgren,OKC,341,0.357771261,0.2228739,0.079178886,0.058651026,0.278592375,0.337243402,0.580645161,0.721311475,0.296296296,0.45,0.368421053
1628449,Chris Boucher,TOR,370,0.321621622,0.108108108,0.048648649,0.235135135,0.286486486,0.521621622,0.42972973,0.722689076,0.5,0.390804598,0.339622642
1641753,Chris Livingston,MIL,27,0.518518519,0.185185185,0,0.111111111,0.185185185,0.296296296,0.703703704,0.571428571,0,0,0
101108,Chris Paul,SAS,583,0.02915952,0.111492281,0.222984563,0.084048027,0.548885077,0.632933105,0.140651801,0.823529412,0.469230769,0.346938776,0.384375
1631128,Christian Braun,DEN,821,0.521315469,0.158343484,0.047503045,0.090133983,0.181485993,0.271619976,0.679658952,0.714953271,0.41025641,0.351351351,0.422818792
1631132,Christian Koloko,LAL,66,0.742424242,0.151515152,0.045454545,0.03030303,0.03030303,0.060606061,0.893939394,0.714285714,0.666666667,0,0
1629643,Chuma Okeke,CLE,40,0.3,0,0,0.325,0.375,0.7,0.3,0.75,0,0.461538462,0.333333333
203468,CJ McCollum,NOP,1000,0.187,0.219,0.135,0.068,0.391,0.459,0.406,0.620320856,0.414814815,0.352941176,0.375959079
203991,Clint Capela,ATL,390,0.707692308,0.279487179,0.01025641,0,0.002564103,0.002564103,0.987179487,0.626811594,0.5,0,0
1629632,Coby White,CHI,1121,0.257805531,0.140053524,0.08117752,0.072256913,0.441570027,0.51382694,0.397859054,0.640138408,0.384615385,0.382716049,0.373737374
1628998,Cody Martin,PHX,325,0.286153846,0.110769231,0.138461538,0.249230769,0.215384615,0.464615385,0.396923077,0.688172043,0.4,0.283950617,0.285714286
1642262,Cody Williams,UTA,257,0.140077821,0.249027237,0.085603113,0.311284047,0.214007782,0.525291829,0.389105058,0.5,0.227272727,0.25,0.272727273
1641732,Colby Jones,WAS,129,0.240310078,0.255813953,0.124031008,0.100775194,0.279069767,0.379844961,0.496124031,0.709677419,0.375,0.307692308,0.333333333
1630175,Cole Anthony,MEM,543,0.184162063,0.26335175,0.151012891,0.062615101,0.335174954,0.397790055,0.447513812,0.61,0.353658537,0.441176471,0.340659341
1630658,Colin Castleton,TOR,98,0.397959184,0.428571429,0.010204082,0.112244898,0.051020408,0.163265306,0.826530612,0.692307692,0,0.181818182,0
1631221,Collin Gillespie,PHX,158,0.158227848,0.202531646,0.069620253,0.132911392,0.424050633,0.556962025,0.360759494,0.48,0.454545455,0.523809524,0.417910448
1629012,Collin Sexton,UTA,867,0.207612457,0.362168397,0.117647059,0.070357555,0.24106113,0.311418685,0.569780854,0.622222222,0.352941176,0.459016393,0.392344498
1630557,Corey Kispert,WAS,565,0.23539823,0.157522124,0.02300885,0.100884956,0.474336283,0.575221239,0.392920354,0.684210526,0.153846154,0.368421053,0.369402985
202709,Cory Joseph,ORL,154,0.12987013,0.097402597,0.077922078,0.162337662,0.525974026,0.688311688,0.227272727,0.5,0.5,0.36,0.37037037
1641854,Craig Porter Jr.,CLE,140,0.4,0.171428571,0.085714286,0.092857143,0.235714286,0.328571429,0.571428571,0.660714286,0.25,0.384615385,0.454545455
1631342,Daeqwon Plowden,ATL,25,0.28,0.04,0,0.28,0.4,0.68,0.32,0.857142857,0,0.428571429,0.6
1630625,Dalano Banton,POR,507,0.317554241,0.187376726,0.057199211,0.094674556,0.339250493,0.433925049,0.504930966,0.552795031,0.310344828,0.395833333,0.308139535
1631207,Dalen Terry,CHI,268,0.436567164,0.149253731,0.026119403,0.175373134,0.212686567,0.388059701,0.585820896,0.581196581,0.142857143,0.361702128,0.350877193
1642261,Dalton Knecht,LAL,557,0.199281867,0.131059246,0.059245961,0.175942549,0.430879713,0.606822262,0.330341113,0.756756757,0.454545455,0.43877551,0.354166667
203081,Damian Lillard,MIL,992,0.202620968,0.102822581,0.166330645,0.04233871,0.481854839,0.524193548,0.305443548,0.606965174,0.478787879,0.404761905,0.376569038
1641878,Damion Baugh,CHA,130,0.261538462,0.284615385,0.023076923,0.146153846,0.284615385,0.430769231,0.546153846,0.558823529,0.333333333,0.105263158,0.27027027
1627814,Damion Lee,PHX,74,0.108108108,0.297297297,0.094594595,0.175675676,0.324324324,0.5,0.405405405,0.625,0.142857143,0.307692308,0.208333333
1626156,D'Angelo Russell,BKN,638,0.131661442,0.21630094,0.087774295,0.051724138,0.509404389,0.561128527,0.347962382,0.619047619,0.339285714,0.272727273,0.32
1629655,Daniel Gafford,DAL,403,0.791563275,0.200992556,0.007444169,0,0,0,0.992555831,0.742946708,0.666666667,0,0
1642450,Daniss Jenkins,DET,10,0.3,0,0,0.2,0.5,0.7,0.3,0.666666667,0,0,0.2
203957,Danté Exum,DAL,134,0.328358209,0.208955224,0.067164179,0.126865672,0.26119403,0.388059701,0.537313433,0.613636364,0.333333333,0.588235294,0.371428571
1629610,DaQuan Jeffries,CHA,291,0.254295533,0.140893471,0.041237113,0.274914089,0.285223368,0.560137457,0.395189003,0.527027027,0.583333333,0.3875,0.289156627
203967,Dario Šarić,DEN,58,0.344827586,0.155172414,0.051724138,0.068965517,0.379310345,0.448275862,0.5,0.55,0.333333333,0.5,0.227272727
1641727,Dariq Whitehead,BKN,96,0.104166667,0.083333333,0.03125,0.208333333,0.572916667,0.78125,0.1875,0.2,0,0.45,0.436363636
1629636,Darius Garland,CLE,1174,0.180579216,0.224872232,0.1439523,0.071550256,0.378194208,0.449744463,0.405451448,0.608490566,0.437869822,0.380952381,0.405405405
1641747,DaRon Holmes II,,,,,,,,,,,,,
1630561,David Duke Jr.,SAS,14,0.357142857,0.142857143,0.071428571,0.357142857,0.071428571,0.428571429,0.5,0.6,0,0.6,0
1631223,David Roddy,HOU,125,0.256,0.256,0,0.136,0.352,0.488,0.512,0.65625,0,0.411764706,0.272727273
1630558,Davion Mitchell,MIA,476,0.331932773,0.172268908,0.052521008,0.090336134,0.344537815,0.43487395,0.504201681,0.588607595,0.28,0.418604651,0.402439024
1630549,Day'Ron Sharpe,BKN,317,0.599369085,0.217665615,0.041009464,0.041009464,0.100946372,0.141955836,0.8170347,0.621052632,0.615384615,0.384615385,0.1875
1628368,De'Aaron Fox,SAS,1163,0.20894239,0.296646604,0.166809974,0.056749785,0.269131556,0.325881341,0.505588994,0.658436214,0.412371134,0.348484848,0.303514377
1629731,Dean Wade,CLE,271,0.132841328,0.033210332,0.014760148,0.335793358,0.483394834,0.819188192,0.166051661,0.75,0.25,0.417582418,0.320610687
1629028,Deandre Ayton,POR,468,0.403846154,0.322649573,0.205128205,0.034188034,0.034188034,0.068376068,0.726495726,0.740740741,0.458333333,0.0625,0.3125
1629631,De'Andre Hunter,CLE,762,0.18503937,0.199475066,0.106299213,0.152230971,0.354330709,0.50656168,0.384514436,0.617021277,0.49382716,0.370689655,0.422222222
201599,DeAndre Jordan,DEN,140,0.792857143,0.2,0.007142857,0,0,0,0.992857143,0.720720721,1,0,0
1629001,De'Anthony Melton,BKN,54,0.166666667,0.148148148,0.037037037,0.074074074,0.574074074,0.648148148,0.314814815,0.444444444,0,0.75,0.322580645
1627749,Dejounte Murray,NOP,494,0.222672065,0.218623482,0.206477733,0.058704453,0.293522267,0.352226721,0.441295547,0.554545455,0.392156863,0.344827586,0.289655172
1626153,Delon Wright,NYK,131,0.27480916,0.145038168,0.022900763,0.160305344,0.396946565,0.557251908,0.419847328,0.555555556,0.666666667,0.428571429,0.211538462
201942,DeMar DeRozan,SAC,1308,0.092507645,0.222477064,0.489296636,0.064984709,0.126146789,0.191131498,0.314984709,0.719008264,0.4578125,0.364705882,0.321212121
1630166,Deni Avdija,POR,844,0.387440758,0.171800948,0.035545024,0.08056872,0.323459716,0.404028436,0.559241706,0.651376147,0.4,0.308823529,0.380952381
203471,Dennis Schröder,DET,827,0.187424426,0.195888755,0.166868198,0.043530834,0.401451028,0.444981862,0.38331318,0.561290323,0.463768116,0.5,0.328313253
1641726,Dereck Lively II,DAL,191,0.696335079,0.303664921,0,0,0,0,1,0.77443609,0,0,0
1627884,Derrick Jones Jr.,LAC,589,0.439728353,0.166383701,0.022071307,0.202037351,0.168081494,0.370118846,0.606112054,0.702702703,0.307692308,0.361344538,0.353535354
1628401,Derrick White,BOS,959,0.107403545,0.114702815,0.057351408,0.128258603,0.592283629,0.720542231,0.222106361,0.718446602,0.418181818,0.430894309,0.373239437
1630217,Desmond Bane,ORL,1018,0.249508841,0.224950884,0.114931238,0.081532417,0.329076621,0.410609037,0.474459725,0.677165354,0.495726496,0.313253012,0.411940299
1626164,Devin Booker,PHX,1420,0.142253521,0.24084507,0.228873239,0.052816901,0.335211268,0.388028169,0.383098592,0.688118812,0.516923077,0.346666667,0.329831933
1642269,Devin Carter,SAC,127,0.220472441,0.25984252,0.039370079,0.125984252,0.354330709,0.480314961,0.480314961,0.607142857,0.4,0.3125,0.288888889
1630170,Devin Vassell,SAS,889,0.168728909,0.132733408,0.214848144,0.119235096,0.363329584,0.482564679,0.301462317,0.62,0.455497382,0.433962264,0.346749226
1628415,Dillon Brooks,HOU,895,0.154189944,0.2,0.121787709,0.131843575,0.391061453,0.522905028,0.354189944,0.550724638,0.458715596,0.381355932,0.402857143
1641794,Dillon Jones,OKC,133,0.315789474,0.172932331,0.037593985,0.105263158,0.368421053,0.473684211,0.488721805,0.595238095,0.2,0.214285714,0.265306122
1627734,Domantas Sabonis,SAC,893,0.531914894,0.221724524,0.071668533,0.008958567,0.165733483,0.174692049,0.753639418,0.694736842,0.453125,0.5,0.412162162
1631230,Dominick Barlow,ATL,113,0.469026549,0.203539823,0.088495575,0.194690265,0.044247788,0.238938053,0.672566372,0.716981132,0.4,0.181818182,0.6
1642270,Donovan Clingan,POR,334,0.71257485,0.125748503,0.01497006,0.01497006,0.131736527,0.146706587,0.838323353,0.634453782,0.2,0.4,0.272727273
1628378,Donovan Mitchell,CLE,1320,0.190151515,0.181060606,0.149242424,0.049242424,0.428030303,0.477272727,0.371212121,0.605577689,0.426395939,0.461538462,0.359292035
1628978,Donte DiVincenzo,MIN,593,0.153456998,0.096121417,0.011804384,0.150084317,0.585160202,0.735244519,0.249578415,0.582417582,0.428571429,0.426966292,0.391930836
1627827,Dorian Finney-Smith,LAL,435,0.206896552,0.064367816,0.006896552,0.287356322,0.432183908,0.71954023,0.271264368,0.611111111,0.666666667,0.432,0.39893617
203926,Doug McDermott,SAC,117,0.068376068,0.025641026,0.042735043,0.239316239,0.623931624,0.863247863,0.094017094,0.5,0.2,0.464285714,0.424657534
203110,Draymond Green,GSW,509,0.249508841,0.223968566,0.043222004,0.198428291,0.282907662,0.481335953,0.473477407,0.582677165,0.5,0.336633663,0.319444444
1629234,Drew Eubanks,LAC,194,0.5,0.43814433,0.030927835,0.025773196,0.005154639,0.030927835,0.93814433,0.711340206,0.166666667,0.6,0
1641809,Drew Peterson,BOS,41,0.12195122,0.048780488,0.024390244,0.243902439,0.56097561,0.804878049,0.170731707,0.4,1,0.3,0.434782609
1631166,Drew Timme,BKN,102,0.352941176,0.264705882,0.039215686,0.058823529,0.274509804,0.333333333,0.617647059,0.583333333,0.25,0.333333333,0.25
1630696,Dru Smith,MIA,61,0.229508197,0.245901639,0.032786885,0.180327869,0.31147541,0.491803279,0.475409836,0.714285714,0,0.636363636,0.473684211
1629130,Duncan Robinson,MIA,663,0.146304676,0.105580694,0.019607843,0.149321267,0.57918552,0.728506787,0.25188537,0.649484536,0.384615385,0.414141414,0.388020833
1641871,Duop Reath,POR,166,0.259036145,0.084337349,0.018072289,0.15060241,0.487951807,0.638554217,0.343373494,0.744186047,0,0.32,0.320987654
203939,Dwight Powell,DAL,61,0.803278689,0.114754098,0,0.06557377,0.016393443,0.081967213,0.918032787,0.755102041,0,0.5,0
1630700,Dyson Daniels,ATL,923,0.344528711,0.373781148,0.02708559,0.061755146,0.186348862,0.248104009,0.718309859,0.65408805,0.28,0.438596491,0.319767442
1630604,E.J. Liddell,CHI,15,0.133333333,0.2,0,0,0.666666667,0.666666667,0.333333333,1,0,0,0.3
203901,Elfrid Payton,NOP,122,0.18852459,0.68852459,0.073770492,0.008196721,0.040983607,0.049180328,0.87704918,0.391304348,0.222222222,0,0.2
1641989,Elijah Harkless,UTA,35,0.114285714,0.142857143,0.028571429,0.228571429,0.485714286,0.714285714,0.257142857,0.75,0,0.375,0.235294118
1641801,Emanuel Miller,CHI,8,0.75,0.125,0,0,0.125,0.125,0.875,0.5,0,0,0
1641734,Emoni Bates,CLE,38,0.105263158,0,0.105263158,0.078947368,0.710526316,0.789473684,0.105263158,0.5,0,0.666666667,0.333333333
1642402,Enrique Freeman,IND,37,0.594594595,0.135135135,0,0.216216216,0.054054054,0.27027027,0.72972973,0.636363636,0,0.125,0
201569,Eric Gordon,PHI,204,0.18627451,0.117647059,0.024509804,0.093137255,0.568627451,0.661764706,0.303921569,0.552631579,0.4,0.526315789,0.396551724
1630679,Ethan Thompson,,,,,,,,,,,,,
1630596,Evan Mobley,CLE,906,0.476821192,0.231788079,0.037527594,0.052980132,0.199779249,0.252759382,0.708609272,0.761574074,0.235294118,0.416666667,0.359116022
1630532,Franz Wagner,ORL,1161,0.284237726,0.320413437,0.092161929,0.037037037,0.263565891,0.300602929,0.604651163,0.666666667,0.411214953,0.441860465,0.277777778
1627832,Fred VanVleet,HOU,759,0.122529644,0.113306983,0.156785244,0.06455863,0.532279315,0.596837945,0.235836627,0.494623656,0.403361345,0.326530612,0.353960396
1629216,Gabe Vincent,LAL,420,0.1,0.095238095,0.069047619,0.266666667,0.466666667,0.733333333,0.195238095,0.642857143,0.517241379,0.392857143,0.331632653
202066,Garrett Temple,TOR,60,0.283333333,0.133333333,0.116666667,0.15,0.316666667,0.466666667,0.416666667,0.529411765,0.142857143,0.222222222,0.210526316
1629726,Garrison Mathews,ATL,257,0.050583658,0.058365759,0.042801556,0.26848249,0.579766537,0.848249027,0.108949416,0.538461538,0.272727273,0.579710145,0.302013423
203914,Gary Harris,ORL,133,0.105263158,0.097744361,0.037593985,0.323308271,0.436090226,0.759398496,0.203007519,0.642857143,0.6,0.372093023,0.344827586
1627780,Gary Payton II,GSW,298,0.473154362,0.194630872,0.013422819,0.181208054,0.137583893,0.318791946,0.667785235,0.794326241,0.25,0.407407407,0.219512195
1629018,Gary Trent Jr.,MIL,657,0.088280061,0.115677321,0.136986301,0.162861492,0.496194825,0.659056317,0.203957382,0.534482759,0.4,0.476635514,0.395705521
1627777,Georges Niang,ATL,620,0.166129032,0.146774194,0.027419355,0.259677419,0.4,0.659677419,0.312903226,0.660194175,0.352941176,0.409937888,0.403225806
1641713,GG Jackson,MEM,199,0.286432161,0.211055276,0.025125628,0.135678392,0.341708543,0.477386935,0.497487437,0.473684211,0.6,0.296296296,0.352941176
203507,Giannis Antetokounmpo,MIL,1319,0.567854435,0.169825625,0.214556482,0.00227445,0.044730857,0.047005307,0.737680061,0.748998665,0.441696113,0,0.237288136
1629048,Goga Bitadze,ORL,339,0.710914454,0.171091445,0.03539823,0.017699115,0.061946903,0.079646018,0.8820059,0.726141079,0.083333333,0,0.142857143
1641711,Gradey Dick,TOR,647,0.244204019,0.112828439,0.139103555,0.136012365,0.366306028,0.502318393,0.357032457,0.525316456,0.422222222,0.340909091,0.35443038
1629684,Grant Williams,CHA,123,0.195121951,0.12195122,0.081300813,0.130081301,0.471544715,0.601626016,0.317073171,0.708333333,0.4,0.3125,0.379310345
1628960,Grayson Allen,PHX,489,0.151329243,0.116564417,0.016359918,0.202453988,0.513292434,0.715746421,0.267893661,0.635135135,0.25,0.494949495,0.398406375
1627824,Guerschon Yabusele,PHI,563,0.38365897,0.108348135,0.021314387,0.126110124,0.355239787,0.481349911,0.492007105,0.712962963,0.25,0.352112676,0.395
1630611,Gui Santos,GSW,179,0.290502793,0.122905028,0.011173184,0.217877095,0.351955307,0.569832402,0.413407821,0.75,1,0.384615385,0.301587302
203084,Harrison Barnes,SAS,683,0.304538799,0.133235725,0.035139092,0.300146413,0.224011713,0.524158126,0.437774524,0.658653846,0.5,0.473170732,0.385620915
1631127,Harrison Ingram,SAS,4,0.25,0.25,0.25,0,0.25,0.25,0.5,1,0,0,0
1629312,Haywood Highsmith,MIA,391,0.237851662,0.132992327,0.033248082,0.286445013,0.309462916,0.595907928,0.37084399,0.666666667,0.384615385,0.446428571,0.32231405
1630529,Herbert Jones,NOP,172,0.331395349,0.191860465,0.058139535,0.215116279,0.197674419,0.412790698,0.523255814,0.614035088,0.7,0.378378378,0.235294118
1641816,Hunter Tyson,DEN,120,0.216666667,0.108333333,0.058333333,0.191666667,0.425,0.616666667,0.325,0.653846154,0.428571429,0.260869565,0.333333333
1630193,Immanuel Quickley,TOR,438,0.146118721,0.244292237,0.095890411,0.057077626,0.4543379,0.511415525,0.390410959,0.578125,0.404761905,0.4,0.376884422
1642403,Isaac Jones,SAC,83,0.554216867,0.337349398,0.012048193,0.072289157,0.024096386,0.096385542,0.891566265,0.760869565,0,0.5,0
1630171,Isaac Okoro,CLE,267,0.370786517,0.052434457,0.011235955,0.348314607,0.217228464,0.565543071,0.423220974,0.636363636,0,0.387096774,0.344827586
1642268,Isaiah Collier,UTA,555,0.318918919,0.302702703,0.073873874,0.079279279,0.216216216,0.295495495,0.621621622,0.655367232,0.317073171,0.340909091,0.216666667
1642384,Isaiah Crawford,SAC,11,0.181818182,0.363636364,0,0.090909091,0.363636364,0.454545455,0.545454545,0.5,0,1,0
1628392,Isaiah Hartenstein,OKC,480,0.422916667,0.495833333,0.041666667,0.00625,0.033333333,0.039583333,0.91875,0.724137931,0.4,0,0
1630543,Isaiah Jackson,IND,23,0.913043478,0.086956522,0,0,0,0,1,0.619047619,0,0,0
1630198,Isaiah Joe,OKC,588,0.085034014,0.057823129,0.06462585,0.151360544,0.641156463,0.792517007,0.142857143,0.76,0.394736842,0.561797753,0.376657825
1641815,Isaiah Stevens,MIA,2,0,0.5,0,0,0.5,0.5,0.5,0,0,0,0
1630191,Isaiah Stewart,DET,315,0.577777778,0.231746032,0.022222222,0.028571429,0.13968254,0.168253968,0.80952381,0.681318681,0.428571429,0.333333333,0.318181818
1627826,Ivica Zubac,LAC,942,0.532908705,0.439490446,0.027600849,0,0,0,0.972399151,0.71314741,0.461538462,0,0
1629630,Ja Morant,MEM,889,0.293588301,0.310461192,0.075365579,0.059617548,0.255343082,0.31496063,0.604049494,0.62835249,0.47761194,0.320754717,0.31277533
1631095,Jabari Smith Jr.,HOU,566,0.219081272,0.159010601,0.132508834,0.114840989,0.374558304,0.489399293,0.378091873,0.64516129,0.36,0.353846154,0.353773585
1631133,Jabari Walker,POR,229,0.519650655,0.131004367,0.034934498,0.152838428,0.15720524,0.310043668,0.650655022,0.663865546,0.25,0.485714286,0.305555556
1629098,Jack McVeigh,HOU,17,0.058823529,0.058823529,0.117647059,0.352941176,0.411764706,0.764705882,0.117647059,0,0.5,0.5,0.142857143
1642050,Jackson Rowe,GSW,17,0.235294118,0.176470588,0,0.235294118,0.352941176,0.588235294,0.411764706,0.75,0,0.5,0.166666667
1631210,Jacob Toppin,ATL,22,0.409090909,0.090909091,0.045454545,0.272727273,0.181818182,0.454545455,0.5,0.222222222,0,0.666666667,0.25
1630702,Jaden Hardy,DAL,414,0.188405797,0.214975845,0.120772947,0.118357488,0.355072464,0.473429952,0.403381643,0.564102564,0.32,0.387755102,0.387755102
1631093,Jaden Ivey,DET,413,0.317191283,0.213075061,0.0968523,0.079903148,0.285714286,0.365617433,0.530266344,0.595419847,0.35,0.363636364,0.43220339
1630183,Jaden McDaniels,MIN,834,0.298561151,0.241007194,0.097122302,0.195443645,0.164268585,0.35971223,0.539568345,0.706827309,0.419753086,0.319018405,0.350364964
1630531,Jaden Springer,UTA,90,0.2,0.244444444,0.022222222,0.255555556,0.266666667,0.522222222,0.444444444,0.777777778,0.5,0.173913043,0.333333333
203109,Jae Crowder,SAC,22,0.045454545,0.136363636,0.136363636,0.363636364,0.318181818,0.681818182,0.181818182,1,0.666666667,0.25,0.285714286
1630256,Jae'Sean Tate,HOU,148,0.371621622,0.304054054,0.013513514,0.209459459,0.101351351,0.310810811,0.675675676,0.672727273,0.5,0.451612903,0.133333333
1642443,Jahmir Young,CHI,5,0.6,0,0,0,0.4,0.4,0.6,1,0,0,0.5
1631170,Jaime Jaquez Jr.,MIA,462,0.41991342,0.270562771,0.051948052,0.138528139,0.114718615,0.253246753,0.69047619,0.613402062,0.375,0.28125,0.358490566
1631222,Jake LaRavia,SAC,337,0.326409496,0.222551929,0.029673591,0.112759644,0.302670623,0.415430267,0.548961424,0.672727273,0.3,0.368421053,0.441176471
1627751,Jakob Poeltl,TOR,579,0.537132988,0.379965458,0.077720207,0.001727116,0.001727116,0.003454231,0.917098446,0.736334405,0.533333333,1,0
1642266,Ja'Kobe Walter,TOR,393,0.282442748,0.167938931,0.076335878,0.147582697,0.320610687,0.468193384,0.450381679,0.477477477,0.433333333,0.327586207,0.365079365
1641779,Jalen Bridges,PHX,7,0,0,0,0.428571429,0.571428571,1,0,0,0,0.666666667,0
1628973,Jalen Brunson,NYK,1200,0.188333333,0.291666667,0.189166667,0.049166667,0.281666667,0.330833333,0.48,0.64159292,0.449339207,0.406779661,0.378698225
1631105,Jalen Duren,DET,546,0.794871795,0.1996337,0.005494505,0,0,0,0.994505495,0.728110599,1,0,0
1630224,Jalen Green,HOU,1437,0.242867084,0.145441893,0.151704941,0.051496173,0.40848991,0.459986082,0.388308977,0.641833811,0.362385321,0.378378378,0.350936968
1641720,Jalen Hood-Schifino,PHI,98,0.142857143,0.173469388,0.214285714,0.06122449,0.408163265,0.469387755,0.316326531,0.357142857,0.476190476,0.5,0.275
1630552,Jalen Johnson,ATL,542,0.407749077,0.260147601,0.07195572,0.081180812,0.175276753,0.256457565,0.667896679,0.719457014,0.358974359,0.318181818,0.315789474
1629618,Jalen Pickett,DEN,180,0.122222222,0.155555556,0.161111111,0.211111111,0.344444444,0.555555556,0.277777778,0.727272727,0.275862069,0.447368421,0.370967742
1630188,Jalen Smith,CHI,408,0.345588235,0.085784314,0.024509804,0.093137255,0.448529412,0.541666667,0.431372549,0.687943262,0.2,0.342105263,0.316939891
1630591,Jalen Suggs,ORL,481,0.174636175,0.189189189,0.133056133,0.074844075,0.41995842,0.494802495,0.363825364,0.738095238,0.359375,0.444444444,0.297029703
1631114,Jalen Williams,OKC,1168,0.251712329,0.278253425,0.178938356,0.029965753,0.261130137,0.29109589,0.529965753,0.663265306,0.459330144,0.371428571,0.363934426
1630592,Jalen Wilson,BKN,620,0.232258065,0.166129032,0.017741935,0.182258065,0.4,0.582258065,0.398387097,0.618055556,0.363636364,0.336283186,0.338709677
1631288,Jamal Cain,NOP,158,0.240506329,0.202531646,0.050632911,0.246835443,0.259493671,0.506329114,0.443037975,0.657894737,0.25,0.307692308,0.341463415
1627750,Jamal Murray,DEN,1121,0.190900981,0.206958073,0.247992864,0.035682426,0.315789474,0.3514719,0.397859054,0.644859813,0.449640288,0.375,0.398305085
1642347,Jamal Shead,TOR,504,0.212301587,0.267857143,0.077380952,0.069444444,0.365079365,0.43452381,0.48015873,0.588785047,0.282051282,0.4,0.315217391
1631123,Jamaree Bouyea,MIL,12,0.333333333,0.25,0,0,0.416666667,0.416666667,0.583333333,0.75,0,0,0.2
201935,James Harden,LAC,1295,0.158301158,0.240926641,0.084942085,0.023166023,0.492664093,0.515830116,0.399227799,0.590243902,0.445454545,0.4,0.349529781
201949,James Johnson,IND,11,0.363636364,0.090909091,0.272727273,0,0.272727273,0.272727273,0.454545455,0.75,0,0,0
1642419,Jamison Battle,TOR,347,0.11815562,0.07204611,0.063400576,0.311239193,0.435158501,0.746397695,0.190201729,0.536585366,0.454545455,0.407407407,0.40397351
1641716,Jarace Walker,IND,360,0.225,0.180555556,0.080555556,0.127777778,0.383333333,0.511111111,0.405555556,0.567901235,0.448275862,0.413043478,0.405797101
1630215,Jared Butler,PHI,453,0.236203091,0.304635762,0.086092715,0.08388521,0.289183223,0.373068433,0.540838852,0.672897196,0.461538462,0.447368421,0.328244275
1642272,Jared McCain,PHI,274,0.255474453,0.193430657,0.065693431,0.109489051,0.375912409,0.48540146,0.448905109,0.585714286,0.5,0.333333333,0.398058252
1631197,Jared Rhoden,TOR,87,0.471264368,0.057471264,0.022988506,0.206896552,0.24137931,0.448275862,0.528735632,0.682926829,0,0.444444444,0.19047619
1628991,Jaren Jackson Jr.,MEM,1213,0.164056059,0.455070074,0.060181369,0.069249794,0.247320692,0.316570486,0.619126134,0.64321608,0.465753425,0.392857143,0.376666667
1629020,Jarred Vanderbilt,LAL,121,0.652892562,0.082644628,0,0.214876033,0.041322314,0.256198347,0.73553719,0.607594937,0,0.346153846,0
1628386,Jarrett Allen,CLE,640,0.6703125,0.290625,0.03125,0.003125,0.0046875,0.0078125,0.9609375,0.771561772,0.55,0,0
1629750,Javonte Green,CLE,287,0.351916376,0.135888502,0.020905923,0.243902439,0.24738676,0.491289199,0.487804878,0.633663366,0,0.314285714,0.338028169
1629637,Jaxson Hayes,LAL,223,0.807174888,0.170403587,0.00896861,0.004484305,0.00896861,0.013452915,0.977578475,0.805555556,0.5,0,0
1630643,Jay Huff,MEM,305,0.259016393,0.055737705,0.032786885,0.163934426,0.48852459,0.652459016,0.314754098,0.810126582,0.3,0.36,0.416107383
1627759,Jaylen Brown,BOS,1118,0.272808587,0.263864043,0.143112701,0.063506261,0.256708408,0.320214669,0.53667263,0.675409836,0.4,0.436619718,0.296167247
1641740,Jaylen Clark,MIN,120,0.358333333,0.183333333,0.033333333,0.241666667,0.166666667,0.408333333,0.541666667,0.511627907,0.25,0.413793103,0.5
1641798,Jaylen Martin,WAS,74,0.364864865,0.256756757,0.067567568,0.094594595,0.216216216,0.310810811,0.621621622,0.703703704,0.2,0.142857143,0.375
1642377,Jaylen Wells,MEM,676,0.168639053,0.153846154,0.097633136,0.227810651,0.352071006,0.579881657,0.322485207,0.692982456,0.409090909,0.363636364,0.344537815
1631119,Jaylin Williams,OKC,221,0.176470588,0.076923077,0.054298643,0.104072398,0.583710407,0.687782805,0.253393665,0.641025641,0.333333333,0.608695652,0.364341085
1642281,Jaylon Tyson,CLE,149,0.342281879,0.208053691,0.060402685,0.181208054,0.208053691,0.389261745,0.55033557,0.549019608,0.333333333,0.333333333,0.35483871
1628369,Jayson Tatum,BOS,1465,0.233447099,0.124914676,0.144709898,0.030716724,0.466211604,0.496928328,0.358361775,0.719298246,0.396226415,0.444444444,0.336749634
1631120,JD Davison,BOS,34,0.176470588,0.176470588,0.117647059,0.088235294,0.441176471,0.529411765,0.352941176,0.666666667,0,0.333333333,0.2
1630288,Jeff Dowtin Jr.,PHI,230,0.260869565,0.239130435,0.195652174,0.073913043,0.230434783,0.304347826,0.5,0.583333333,0.466666667,0.411764706,0.396226415
201145,Jeff Green,HOU,121,0.140495868,0.107438017,0.099173554,0.355371901,0.297520661,0.652892562,0.247933884,0.764705882,0.833333333,0.372093023,0.361111111
203924,Jerami Grant,POR,574,0.256097561,0.132404181,0.097560976,0.200348432,0.31358885,0.513937282,0.388501742,0.462585034,0.357142857,0.373913043,0.361111111
1630526,Jeremiah Robinson-Earl,NOP,347,0.340057637,0.11815562,0.069164265,0.265129683,0.207492795,0.472622478,0.458213256,0.644067797,0.416666667,0.434782609,0.222222222
1631110,Jeremy Sochan,SAS,469,0.620469083,0.151385928,0.034115139,0.081023454,0.113006397,0.194029851,0.771855011,0.680412371,0.1875,0.289473684,0.320754717
1630579,Jericho Sims,MIL,71,0.845070423,0.14084507,0.014084507,0,0,0,0.985915493,0.683333333,1,0,0
1642399,Jesse Edwards,MIN,0,0,0,0,0,0,0,0,0,0,0,0
1641724,Jett Howard,ORL,262,0.122137405,0.076335878,0.091603053,0.175572519,0.526717557,0.702290076,0.198473282,0.71875,0.5,0.369565217,0.275362319
1628975,Jevon Carter,CHI,146,0.102739726,0.089041096,0.089041096,0.171232877,0.547945205,0.719178082,0.191780822,0.533333333,0.461538462,0.4,0.3125
202710,Jimmy Butler III,GSW,597,0.425460637,0.254606365,0.145728643,0.092127303,0.078726968,0.170854271,0.680067002,0.696850394,0.356321839,0.381818182,0.234042553
1629111,Jock Landale,HOU,152,0.447368421,0.263157895,0.118421053,0.013157895,0.157894737,0.171052632,0.710526316,0.647058824,0.444444444,0,0.458333333
204060,Joe Ingles,MIN,23,0.043478261,0.260869565,0.043478261,0.086956522,0.565217391,0.652173913,0.304347826,0,0,0,0.230769231
203954,Joel Embiid,PHI,315,0.247619048,0.244444444,0.263492063,0,0.244444444,0.244444444,0.492063492,0.628205128,0.385542169,0,0.298701299
1628381,John Collins,UTA,531,0.327683616,0.305084746,0.088512241,0.109227872,0.169491525,0.278719397,0.632768362,0.67816092,0.425531915,0.431034483,0.377777778
1629723,John Konchar,MEM,91,0.263736264,0.032967033,0.021978022,0.362637363,0.307692308,0.67032967,0.296703297,0.708333333,0,0.363636364,0.392857143
1642277,Johnny Furphy,IND,92,0.336956522,0.097826087,0.02173913,0.239130435,0.304347826,0.543478261,0.434782609,0.548387097,0,0.363636364,0.25
1630548,Johnny Juzang,UTA,475,0.113684211,0.155789474,0.069473684,0.271578947,0.389473684,0.661052632,0.269473684,0.666666667,0.484848485,0.410852713,0.351351351
202685,Jonas Valančiūnas,SAC,627,0.414673046,0.3476874,0.178628389,0.004784689,0.054226475,0.059011164,0.762360447,0.680769231,0.419642857,0,0.235294118
1628371,Jonathan Isaac,ORL,324,0.367283951,0.033950617,0.132716049,0.299382716,0.166666667,0.466049383,0.401234568,0.647058824,0.302325581,0.309278351,0.166666667
1630228,Jonathan Kuminga,GSW,568,0.309859155,0.329225352,0.095070423,0.080985915,0.181338028,0.262323944,0.639084507,0.715909091,0.240740741,0.282608696,0.32038835
1642367,Jonathan Mogbo,TOR,356,0.528089888,0.196629213,0.078651685,0.092696629,0.098314607,0.191011236,0.724719101,0.590425532,0.214285714,0.303030303,0.2
203903,Jordan Clarkson,UTA,493,0.119675456,0.312373225,0.097363083,0.052738337,0.411764706,0.464503043,0.432048682,0.576271186,0.395833333,0.461538462,0.354679803
1630692,Jordan Goodwin,LAL,144,0.1875,0.256944444,0.083333333,0.229166667,0.243055556,0.472222222,0.444444444,0.518518519,0.416666667,0.393939394,0.371428571
1641722,Jordan Hawkins,NOP,556,0.104316547,0.124100719,0.174460432,0.15647482,0.440647482,0.597122302,0.228417266,0.551724138,0.391752577,0.402298851,0.306122449
1629162,Jordan McLaughlin,SAS,72,0.138888889,0.138888889,0.083333333,0.180555556,0.444444444,0.625,0.277777778,0.6,0.5,0.230769231,0.5
1641757,Jordan Miller,LAC,134,0.432835821,0.246268657,0.037313433,0.097014925,0.186567164,0.28358209,0.679104478,0.568965517,0.2,0.153846154,0.24
1629673,Jordan Poole,WAS,1057,0.209082308,0.132450331,0.070009461,0.053926206,0.531693472,0.585619678,0.34153264,0.678733032,0.337837838,0.333333333,0.384341637
1641775,Jordan Walsh,BOS,83,0.21686747,0.120481928,0,0.289156627,0.373493976,0.662650602,0.337349398,0.666666667,0,0.25,0.290322581
1630631,Jose Alvarado,NOP,521,0.151631478,0.214971209,0.040307102,0.122840691,0.468330134,0.591170825,0.366602687,0.544303797,0.428571429,0.359375,0.360655738
1630528,Josh Christopher,MIA,31,0.419354839,0.193548387,0.032258065,0.064516129,0.290322581,0.35483871,0.612903226,0.538461538,0,0,0.222222222
1630581,Josh Giddey,CHI,798,0.319548872,0.259398496,0.072681704,0.098997494,0.248120301,0.347117794,0.578947368,0.576470588,0.327586207,0.392405063,0.368686869
1630182,Josh Green,CHA,421,0.209026128,0.123515439,0.078384798,0.363420428,0.22327791,0.586698337,0.332541568,0.602272727,0.363636364,0.411764706,0.361702128
1628404,Josh Hart,NYK,770,0.451948052,0.151948052,0.067532468,0.085714286,0.241558442,0.327272727,0.603896104,0.706896552,0.461538462,0.303030303,0.344086022
1631169,Josh Minott,MIN,90,0.433333333,0.077777778,0.011111111,0.288888889,0.188888889,0.477777778,0.511111111,0.641025641,0,0.346153846,0.294117647
1629006,Josh Okogie,CHA,212,0.344339623,0.183962264,0.037735849,0.231132075,0.202830189,0.433962264,0.528301887,0.657534247,0.25,0.387755102,0.302325581
201950,Jrue Holiday,BOS,573,0.230366492,0.165794066,0.069808028,0.178010471,0.356020942,0.534031414,0.396160558,0.704545455,0.45,0.303921569,0.37745098
1630550,JT Thor,WAS,59,0.288135593,0.186440678,0.169491525,0.186440678,0.169491525,0.355932203,0.474576271,0.705882353,0.4,0.090909091,0.5
1630577,Julian Champagnie,SAS,665,0.189473684,0.063157895,0.02556391,0.228571429,0.493233083,0.721804511,0.252631579,0.634920635,0.411764706,0.407894737,0.353658537
1641763,Julian Phillips,CHI,287,0.358885017,0.101045296,0.006968641,0.358885017,0.174216028,0.533101045,0.459930314,0.611650485,0.5,0.398058252,0.18
1631124,Julian Strawther,DEN,486,0.183127572,0.21399177,0.049382716,0.086419753,0.467078189,0.553497942,0.397119342,0.651685393,0.416666667,0.5,0.321585903
203944,Julius Randle,MIN,939,0.313099042,0.272630458,0.079872204,0.078807242,0.254526092,0.333333333,0.585729499,0.700680272,0.44,0.297297297,0.359832636
1630551,Justin Champagnie,WAS,411,0.372262774,0.133819951,0.0243309,0.155717762,0.311435523,0.467153285,0.506082725,0.725490196,0.5,0.359375,0.3984375
1642348,Justin Edwards,PHI,378,0.246031746,0.150793651,0.100529101,0.132275132,0.37037037,0.502645503,0.396825397,0.634408602,0.447368421,0.4,0.35
1631303,Justin Minaya,POR,21,0.380952381,0.142857143,0,0.142857143,0.333333333,0.476190476,0.523809524,0.5,0,0.333333333,0.142857143
203994,Jusuf Nurkić,CHA,352,0.386363636,0.289772727,0.025568182,0.034090909,0.261363636,0.295454545,0.676136364,0.625,0.222222222,0.416666667,0.293478261
1630539,Kai Jones,DAL,109,0.688073394,0.19266055,0.073394495,0.009174312,0.036697248,0.04587156,0.880733945,0.946666667,0.375,0,0.25
1626157,Karl-Anthony Towns,NYK,1215,0.423045267,0.214814815,0.083950617,0.018106996,0.260082305,0.2781893,0.637860082,0.6692607,0.343137255,0.318181818,0.42721519
1631255,Karlo Matković,NOP,235,0.476595745,0.212765957,0.029787234,0.153191489,0.127659574,0.280851064,0.689361702,0.758928571,0.428571429,0.361111111,0.266666667
202695,Kawhi Leonard,LAC,623,0.186195827,0.274478331,0.23434992,0.04494382,0.260032103,0.304975923,0.460674157,0.724137931,0.479452055,0.392857143,0.413580247
1630811,Keaton Wallace,ATL,162,0.098765432,0.283950617,0.111111111,0.061728395,0.438271605,0.5,0.382716049,0.5625,0.222222222,0.4,0.323943662
1631099,Keegan Murray,SAC,820,0.18902439,0.185365854,0.07804878,0.164634146,0.381707317,0.546341463,0.374390244,0.774193548,0.375,0.377777778,0.329073482
1631232,Keion Brooks Jr.,NOP,109,0.302752294,0.229357798,0.073394495,0.155963303,0.23853211,0.394495413,0.532110092,0.727272727,1,0.411764706,0.269230769
1629640,Keldon Johnson,SAS,770,0.420779221,0.21038961,0.012987013,0.128571429,0.227272727,0.355844156,0.631168831,0.666666667,0.1,0.272727273,0.342857143
1642276,Kel'el Ware,MIA,464,0.497844828,0.198275862,0.064655172,0.045258621,0.189655172,0.234913793,0.69612069,0.701298701,0.4,0.19047619,0.352272727
203482,Kelly Olynyk,NOP,268,0.410447761,0.197761194,0.097014925,0.037313433,0.257462687,0.294776119,0.608208955,0.636363636,0.307692308,0.6,0.391304348
1626162,Kelly Oubre Jr.,PHI,741,0.391363023,0.246963563,0.035087719,0.114709852,0.211875843,0.326585695,0.638326586,0.665517241,0.384615385,0.352941176,0.261146497
1629026,Kenrich Williams,OKC,354,0.290960452,0.138418079,0.087570621,0.129943503,0.353107345,0.483050847,0.429378531,0.689320388,0.322580645,0.413043478,0.376
203484,Kentavious Caldwell-Pope,MEM,544,0.139705882,0.0625,0.191176471,0.21875,0.387867647,0.606617647,0.202205882,0.736842105,0.528846154,0.344537815,0.341232227
1631165,Keon Ellis,SAC,464,0.135775862,0.107758621,0.064655172,0.232758621,0.459051724,0.691810345,0.243534483,0.793650794,0.333333333,0.5,0.399061033
1630553,Keon Johnson,BKN,779,0.283697047,0.14762516,0.053915276,0.15661104,0.355584082,0.512195122,0.431322208,0.542986425,0.428571429,0.319672131,0.314079422
1642352,Keshad Johnson,MIA,26,0.692307692,0.038461538,0,0.038461538,0.230769231,0.269230769,0.730769231,0.833333333,0,0,0.5
1630556,Kessler Edwards,DAL,135,0.362962963,0.2,0.037037037,0.207407407,0.192592593,0.4,0.562962963,0.653061224,0.2,0.357142857,0.461538462
201142,Kevin Durant,PHX,1124,0.110320285,0.304270463,0.254448399,0.078291815,0.252669039,0.330960854,0.414590747,0.790322581,0.531468531,0.5,0.408450704
1628989,Kevin Huerter,CHI,604,0.167218543,0.139072848,0.046357616,0.158940397,0.486754967,0.645695364,0.306291391,0.732673267,0.392857143,0.40625,0.316326531
1628995,Kevin Knox II,GSW,36,0.277777778,0.222222222,0.083333333,0.166666667,0.25,0.416666667,0.5,0.7,0.333333333,0.166666667,0.333333333
201567,Kevin Love,MIA,115,0.234782609,0.12173913,0.060869565,0.12173913,0.452173913,0.573913043,0.356521739,0.407407407,0.285714286,0.357142857,0.365384615
1641755,Kevin McCullar Jr.,NYK,7,0.285714286,0.428571429,0.142857143,0,0.142857143,0.142857143,0.714285714,1,0,0,0
1629645,Kevin Porter Jr.,MIL,652,0.214723926,0.279141104,0.234662577,0.036809816,0.234662577,0.271472393,0.493865031,0.621428571,0.45751634,0.416666667,0.294117647
1626172,Kevon Looney,GSW,278,0.669064748,0.212230216,0.100719424,0.007194245,0.007194245,0.014388489,0.881294964,0.639784946,0.178571429,1,0
1641718,Keyonte George,UTA,919,0.109902067,0.249183896,0.089227421,0.080522307,0.471164309,0.551686616,0.359085963,0.613861386,0.353658537,0.486486486,0.318706697
203114,Khris Middleton,WAS,337,0.09495549,0.210682493,0.299703264,0.065281899,0.326409496,0.391691395,0.305637982,0.625,0.504950495,0.318181818,0.372727273
1630231,KJ Martin,UTA,201,0.52238806,0.184079602,0.004975124,0.218905473,0.069651741,0.288557214,0.706467662,0.685714286,1,0.318181818,0.071428571
1642354,KJ Simpson,CHA,301,0.209302326,0.259136213,0.099667774,0.063122924,0.368770764,0.431893688,0.468438538,0.619047619,0.266666667,0.263157895,0.252252252
202691,Klay Thompson,DAL,877,0.080957811,0.096921323,0.191562144,0.177879133,0.45267959,0.630558723,0.177879133,0.676056338,0.404761905,0.384615385,0.392947103
1641738,Kobe Brown,LAC,72,0.444444444,0.194444444,0,0.083333333,0.277777778,0.361111111,0.638888889,0.625,0,0.5,0.15
1641723,Kobe Bufkin,ATL,47,0.29787234,0.212765957,0.085106383,0.127659574,0.255319149,0.382978723,0.510638298,0.5,0.25,0.166666667,0.25
1627739,Kris Dunn,LAC,437,0.203661327,0.256292906,0.027459954,0.256292906,0.254004577,0.510297483,0.459954233,0.696629213,0.416666667,0.348214286,0.324324324
1631200,Kris Murray,POR,279,0.448028674,0.114695341,0.007168459,0.218637993,0.211469534,0.430107527,0.562724014,0.624,1,0.278688525,0.169491525
204001,Kristaps Porziņģis,BOS,574,0.219512195,0.242160279,0.102787456,0.029616725,0.405923345,0.43554007,0.461672474,0.69047619,0.355932203,0.352941176,0.416309013
203937,Kyle Anderson,MIA,303,0.267326733,0.405940594,0.095709571,0.108910891,0.108910891,0.217821782,0.673267327,0.703703704,0.310344828,0.424242424,0.333333333
1642271,Kyle Filipowski,UTA,518,0.301158301,0.254826255,0.019305019,0.148648649,0.274131274,0.422779923,0.555984556,0.666666667,0.5,0.376623377,0.338028169
1628398,Kyle Kuzma,MIL,848,0.278301887,0.251179245,0.100235849,0.100235849,0.265330189,0.365566038,0.529481132,0.699152542,0.329411765,0.341176471,0.293333333
200768,Kyle Lowry,PHI,117,0.051282051,0.11965812,0.076923077,0.170940171,0.564102564,0.735042735,0.170940171,0.666666667,0.333333333,0.35,0.333333333
202681,Kyrie Irving,DAL,945,0.198941799,0.237037037,0.184126984,0.063492063,0.315343915,0.378835979,0.435978836,0.675531915,0.408045977,0.5,0.382550336
1642273,Kyshawn George,WAS,546,0.201465201,0.102564103,0.047619048,0.135531136,0.507326007,0.642857143,0.304029304,0.572727273,0.269230769,0.351351351,0.317689531
1630205,Lamar Stevens,MEM,63,0.301587302,0.206349206,0.063492063,0.158730159,0.253968254,0.412698413,0.507936508,0.526315789,0.75,0.2,0.375
1630163,LaMelo Ball,CHA,1003,0.178464606,0.210368893,0.084745763,0.049850449,0.469591226,0.519441675,0.3888335,0.536312849,0.388235294,0.32,0.346072187
1629013,Landry Shamet,NYK,230,0.152173913,0.07826087,0.091304348,0.27826087,0.395652174,0.673913043,0.230434783,0.685714286,0.476190476,0.453125,0.362637363
1626204,Larry Nance Jr.,ATL,155,0.309677419,0.15483871,0.04516129,0.180645161,0.296774194,0.477419355,0.464516129,0.6875,0.428571429,0.464285714,0.456521739
1628374,Lauri Markkanen,UTA,700,0.201428571,0.167142857,0.061428571,0.104285714,0.464285714,0.568571429,0.368571429,0.638297872,0.325581395,0.410958904,0.332307692
2544,LeBron James,LAL,1270,0.303937008,0.212598425,0.171653543,0.029133858,0.281102362,0.31023622,0.516535433,0.743523316,0.435779817,0.351351351,0.380952381
1631159,Leonard Miller,MIN,15,0.466666667,0.133333333,0.066666667,0,0.333333333,0.333333333,0.6,0.714285714,0,0,0
1631311,Lester Quinones,NOP,78,0.256410256,0.115384615,0.064102564,0.08974359,0.474358974,0.564102564,0.371794872,0.75,0,0.285714286,0.297297297
1630322,Lindy Waters III,DET,249,0.092369478,0.080321285,0.080321285,0.232931727,0.514056225,0.746987952,0.172690763,0.565217391,0.35,0.327586207,0.3515625
1629022,Lonnie Walker IV,PHI,212,0.183962264,0.122641509,0.094339623,0.089622642,0.495283019,0.58490566,0.306603774,0.615384615,0.4,0.315789474,0.371428571
1628366,Lonzo Ball,CHI,243,0.082304527,0.074074074,0.041152263,0.181069959,0.604938272,0.78600823,0.156378601,0.55,0.3,0.386363636,0.340136054
1629652,Luguentz Dort,OKC,593,0.15851602,0.087689713,0.057335582,0.188870152,0.507588533,0.696458685,0.246205734,0.574468085,0.470588235,0.419642857,0.408637874
1629029,Luka Dončić,LAL,1025,0.154146341,0.223414634,0.153170732,0.024390244,0.442926829,0.467317073,0.377560976,0.708860759,0.388535032,0.4,0.36784141
1630568,Luka Garza,MIN,105,0.361904762,0.228571429,0.066666667,0.028571429,0.314285714,0.342857143,0.59047619,0.684210526,0.285714286,0,0.303030303
1628379,Luke Kennard,MEM,431,0.106728538,0.164733179,0.118329466,0.153132251,0.454756381,0.607888631,0.271461717,0.717391304,0.470588235,0.515151515,0.408163265
1628436,Luke Kornet,BOS,280,0.803571429,0.164285714,0.021428571,0.003571429,0.007142857,0.010714286,0.967857143,0.728888889,0.666666667,0,0
1631247,Luke Travers,CLE,20,0.55,0,0,0.25,0.2,0.45,0.55,0.454545455,0,0,0
1630644,Mac McClung,ORL,2,0,0.5,0,0,0.5,0.5,0.5,0,0,0,0
1631103,Malaki Branham,SAS,190,0.221052632,0.205263158,0.131578947,0.089473684,0.352631579,0.442105263,0.426315789,0.761904762,0.32,0.470588235,0.388059701
1627763,Malcolm Brogdon,WAS,240,0.354166667,0.258333333,0.154166667,0.020833333,0.208333333,0.229166667,0.6125,0.647058824,0.27027027,0.4,0.28
1627736,Malik Beasley,DET,1071,0.083099907,0.12605042,0.075630252,0.155929038,0.557422969,0.713352007,0.209150327,0.617977528,0.407407407,0.526946108,0.386934673
1628370,Malik Monk,SAC,939,0.197018104,0.250266241,0.096911608,0.056443024,0.397231097,0.453674121,0.447284345,0.616216216,0.406593407,0.452830189,0.308310992
1631204,Marcus Sasser,DET,296,0.155405405,0.192567568,0.138513514,0.077702703,0.435810811,0.513513514,0.347972973,0.695652174,0.414634146,0.391304348,0.379844961
203935,Marcus Smart,WAS,257,0.101167315,0.299610895,0.050583658,0.155642023,0.381322957,0.536964981,0.40077821,0.653846154,0.615384615,0.325,0.367346939
1630699,MarJon Beauchamp,NYK,65,0.230769231,0.123076923,0.2,0.153846154,0.292307692,0.446153846,0.353846154,0.733333333,0.307692308,0.3,0.368421053
1631109,Mark Williams,CHA,447,0.675615213,0.29082774,0.024608501,0.002237136,0.006711409,0.008948546,0.966442953,0.71192053,0.545454545,0,0
1628365,Markelle Fultz,SAC,67,0.074626866,0.507462687,0.298507463,0.089552239,0.029850746,0.119402985,0.582089552,0.8,0.25,0.5,0.5
202693,Markieff Morris,LAL,70,0.114285714,0.142857143,0.228571429,0.157142857,0.342857143,0.5,0.257142857,0.125,0.3125,0.090909091,0.333333333
1628963,Marvin Bagley III,MEM,106,0.556603774,0.216981132,0.047169811,0.056603774,0.122641509,0.179245283,0.773584906,0.711864407,0.4,0.166666667,0.153846154
1630222,Mason Jones,SAC,18,0.166666667,0.388888889,0,0.055555556,0.388888889,0.444444444,0.555555556,1,0,0,0.142857143
203486,Mason Plumlee,PHX,202,0.707920792,0.247524752,0.024752475,0.00990099,0.004950495,0.014851485,0.955445545,0.762237762,0,0,0
1641824,Matas Buzelis,CHI,555,0.369369369,0.120720721,0.030630631,0.243243243,0.236036036,0.479279279,0.49009009,0.590243902,0.294117647,0.362962963,0.358778626
1629680,Matisse Thybulle,POR,88,0.215909091,0.215909091,0.022727273,0.295454545,0.25,0.545454545,0.431818182,0.684210526,0,0.423076923,0.454545455
1631108,Max Christie,DAL,590,0.186440678,0.179661017,0.101694915,0.198305085,0.330508475,0.528813559,0.366101695,0.745454545,0.35,0.384615385,0.358974359
1629622,Max Strus,CLE,373,0.158176944,0.053619303,0.002680965,0.249329759,0.533512064,0.782841823,0.211796247,0.745762712,0,0.397849462,0.381909548
1628467,Maxi Kleber,LAL,96,0.239583333,0.145833333,0.104166667,0.177083333,0.333333333,0.510416667,0.385416667,0.565217391,0.7,0.235294118,0.28125
1641721,Maxwell Lewis,BKN,108,0.277777778,0.194444444,0.064814815,0.185185185,0.277777778,0.462962963,0.472222222,0.633333333,0.142857143,0.35,0.4
1630695,Micah Potter,UTA,135,0.185185185,0.081481481,0.007407407,0.42962963,0.296296296,0.725925926,0.266666667,0.76,1,0.327586207,0.3
1629008,Michael Porter Jr.,DEN,1048,0.279580153,0.127862595,0.125954198,0.060114504,0.398854962,0.458969466,0.407442748,0.737201365,0.409090909,0.507936508,0.385167464
1628969,Mikal Bridges,NYK,1183,0.203719358,0.226542688,0.178360101,0.18512257,0.196956889,0.382079459,0.430262046,0.755186722,0.507109005,0.424657534,0.30472103
201144,Mike Conley,MIN,468,0.11965812,0.16025641,0.057692308,0.188034188,0.472222222,0.66025641,0.27991453,0.535714286,0.185185185,0.5,0.375565611
1628970,Miles Bridges,CHA,1089,0.303030303,0.232323232,0.051423324,0.101928375,0.305785124,0.407713499,0.535353535,0.654545455,0.303571429,0.378378378,0.297297297
1630540,Miles McBride,NYK,547,0.166361974,0.104204753,0.15904936,0.166361974,0.398537477,0.564899452,0.270566728,0.505494505,0.494252874,0.373626374,0.371559633
1641936,Miles Norris,BOS,9,0.111111111,0.111111111,0,0,0.777777778,0.777777778,0.222222222,0,0,0,0.285714286
1629011,Mitchell Robinson,NYK,56,0.946428571,0.053571429,0,0,0,0,1,0.679245283,0,0,0
1628420,Monté Morris,PHX,195,0.102564103,0.302564103,0.153846154,0.21025641,0.230769231,0.441025641,0.405128205,0.65,0.466666667,0.365853659,0.355555556
1629021,Moritz Wagner,ORL,249,0.582329317,0.112449799,0.004016064,0.096385542,0.204819277,0.301204819,0.694779116,0.689655172,0,0.375,0.352941176
1630541,Moses Moody,GSW,568,0.198943662,0.153169014,0.054577465,0.225352113,0.367957746,0.593309859,0.352112676,0.725663717,0.161290323,0.4296875,0.339712919
1631243,Mouhamed Gueye,ATL,171,0.356725146,0.140350877,0.029239766,0.286549708,0.187134503,0.473684211,0.497076023,0.639344262,0.4,0.244897959,0.28125
1631217,Moussa Diabaté,CHA,280,0.714285714,0.253571429,0.010714286,0.007142857,0.014285714,0.021428571,0.967857143,0.66,0.666666667,0,0
1626167,Myles Turner,IND,811,0.230579531,0.193588163,0.09001233,0.069050555,0.41676942,0.485819975,0.424167694,0.695187166,0.547945205,0.5,0.378698225
1641772,Nae'Qwan Tomlin,CLE,32,0.53125,0.15625,0,0.03125,0.28125,0.3125,0.6875,0.529411765,0,0,0.222222222
1630230,Naji Marshall,DAL,712,0.293539326,0.344101124,0.056179775,0.148876404,0.146067416,0.29494382,0.637640449,0.708133971,0.575,0.29245283,0.278846154
1631466,Nate Williams,HOU,62,0.193548387,0.35483871,0.032258065,0.209677419,0.209677419,0.419354839,0.548387097,0.75,0.5,0.230769231,0.230769231
1629675,Naz Reid,MIN,923,0.241603467,0.22751896,0.030335861,0.120260022,0.378114843,0.498374865,0.469122427,0.659192825,0.428571429,0.378378378,0.381088825
1629674,Neemias Queta,BOS,203,0.714285714,0.251231527,0.019704433,0.004926108,0.004926108,0.009852217,0.965517241,0.710344828,0.75,0,0
1642368,N'Faly Dante,HOU,13,0.692307692,0.230769231,0.076923077,0,0,0,0.923076923,0.777777778,0,0,0
1629651,Nic Claxton,BKN,568,0.568661972,0.336267606,0.058098592,0.014084507,0.022887324,0.036971831,0.904929577,0.715170279,0.363636364,0.25,0.230769231
1630208,Nick Richards,PHX,347,0.634005764,0.311239193,0.048991354,0.005763689,0,0.005763689,0.945244957,0.709090909,0.470588235,0,0
1641733,Nick Smith Jr.,CHA,568,0.079225352,0.251760563,0.13028169,0.112676056,0.424295775,0.536971831,0.330985915,0.577777778,0.418918919,0.359375,0.336099585
1629638,Nickeil Alexander-Walker,MIN,616,0.199675325,0.142857143,0.056818182,0.222402597,0.371753247,0.594155844,0.342532468,0.634146341,0.485714286,0.474452555,0.331877729
201587,Nicolas Batum,LAC,238,0.088235294,0.029411765,0.029411765,0.428571429,0.424369748,0.852941176,0.117647059,0.571428571,0.428571429,0.460784314,0.405940594
203999,Nikola Jokić,DEN,1364,0.315982405,0.356304985,0.085043988,0.010997067,0.215542522,0.226539589,0.67228739,0.719257541,0.517241379,0.533333333,0.43537415
1631107,Nikola Jović,MIA,377,0.236074271,0.159151194,0.047745358,0.212201592,0.344827586,0.557029178,0.395225464,0.685393258,0.388888889,0.475,0.307692308
1642260,Nikola Topić,,,,,,,,,,,,,
202696,Nikola Vučević,CHI,1038,0.26300578,0.323699422,0.104046243,0.026011561,0.282273603,0.308285164,0.586705202,0.659340659,0.435185185,0.407407407,0.402730375
1641730,Noah Clowney,BKN,372,0.163978495,0.11827957,0.016129032,0.185483871,0.51344086,0.698924731,0.282258065,0.573770492,0.166666667,0.347826087,0.329842932
1626181,Norman Powell,LAC,945,0.26031746,0.205291005,0.081481481,0.06984127,0.37989418,0.44973545,0.465608466,0.650406504,0.363636364,0.393939394,0.426183844
1630167,Obi Toppin,IND,599,0.340567613,0.121869783,0.035058431,0.20033389,0.293823038,0.494156928,0.462437396,0.784313725,0.285714286,0.45,0.318181818
1630534,Ochai Agbaji,TOR,534,0.413857678,0.082397004,0.029962547,0.269662921,0.20411985,0.473782772,0.496254682,0.656108597,0.375,0.409722222,0.385321101
1628384,OG Anunoby,NYK,1027,0.379746835,0.096397274,0.075949367,0.210321324,0.23661149,0.446932814,0.476144109,0.656410256,0.320512821,0.37962963,0.366255144
1641765,Olivier-Maxence Prosper,DAL,174,0.431034483,0.218390805,0.057471264,0.201149425,0.091954023,0.293103448,0.649425287,0.6,0.2,0.257142857,0.1875
1630168,Onyeka Okongwu,ATL,684,0.548245614,0.228070175,0.007309942,0.118421053,0.096491228,0.214912281,0.776315789,0.701333333,0.6,0.345679012,0.303030303
1631131,Oscar Tshiebwe,UTA,70,0.5,0.485714286,0.014285714,0,0,0,0.985714286,0.714285714,0,0,0
1642345,Oso Ighodaro,PHX,187,0.438502674,0.497326203,0.053475936,0,0.005347594,0.005347594,0.935828877,0.804878049,0.6,0,0
1631172,Ousmane Dieng,OKC,125,0.232,0.144,0.056,0.176,0.392,0.568,0.376,0.655172414,0.428571429,0.318181818,0.326530612
200782,P.J. Tucker,NYK,7,0,0,0.142857143,0.714285714,0.142857143,0.857142857,0,0,0,0.6,0
1629023,P.J. Washington,DAL,665,0.282706767,0.306766917,0.05112782,0.127819549,0.231578947,0.359398496,0.589473684,0.664893617,0.352941176,0.376470588,0.383116883
1642359,Pacôme Dadiet,NYK,31,0.129032258,0.096774194,0.161290323,0.258064516,0.35483871,0.612903226,0.225806452,0.5,0.4,0.125,0.454545455
1631094,Paolo Banchero,ORL,911,0.265642151,0.196487377,0.239297475,0.028540066,0.264544457,0.293084523,0.462129528,0.661157025,0.417431193,0.269230769,0.331950207
1627783,Pascal Siakam,IND,1182,0.289340102,0.262267343,0.17428088,0.082064298,0.191201354,0.273265651,0.551607445,0.728070175,0.383495146,0.402061856,0.384955752
1626192,Pat Connaughton,MIL,177,0.384180791,0.124293785,0.033898305,0.11299435,0.344632768,0.457627119,0.508474576,0.632352941,0.666666667,0.2,0.360655738
1630311,Pat Spencer,GSW,101,0.306930693,0.376237624,0.099009901,0.02970297,0.188118812,0.217821782,0.683168317,0.483870968,0.5,0.333333333,0.210526316
1631116,Patrick Baldwin Jr.,LAC,35,0.285714286,0.057142857,0,0.114285714,0.542857143,0.657142857,0.342857143,0.6,0,0.75,0.526315789
1630172,Patrick Williams,CHI,516,0.236434109,0.153100775,0.083333333,0.118217054,0.408914729,0.527131783,0.389534884,0.5,0.302325581,0.37704918,0.345971564
201988,Patty Mills,LAC,96,0.052083333,0.072916667,0.09375,0.125,0.65625,0.78125,0.125,0.6,0.444444444,0.5,0.317460317
202331,Paul George,PHI,570,0.140350877,0.11754386,0.271929825,0.085964912,0.38245614,0.468421053,0.257894737,0.7375,0.419354839,0.285714286,0.376146789
1630194,Paul Reed,DET,142,0.457746479,0.211267606,0.133802817,0.035211268,0.161971831,0.197183099,0.669014085,0.692307692,0.473684211,0.2,0.304347826
1630202,Payton Pritchard,BOS,866,0.150115473,0.065819861,0.061200924,0.120092379,0.593533487,0.713625866,0.215935335,0.753846154,0.452830189,0.461538462,0.402723735
1641796,Pelle Larsson,MIA,203,0.39408867,0.123152709,0.014778325,0.162561576,0.305418719,0.467980296,0.517241379,0.6,0,0.393939394,0.306451613
1631250,Pete Nance,MIL,32,0.15625,0.03125,0.0625,0.0625,0.65625,0.71875,0.1875,0.8,0.5,0.5,0.380952381
1631212,Peyton Watson,DEN,428,0.455607477,0.186915888,0.039719626,0.177570093,0.137850467,0.315420561,0.642523364,0.635897436,0.176470588,0.447368421,0.237288136
1641790,PJ Hall,DEN,24,0.458333333,0.166666667,0.041666667,0,0.333333333,0.333333333,0.625,0.727272727,1,0,0.25
1630173,Precious Achiuwa,NYK,327,0.587155963,0.262996942,0.039755352,0.085626911,0.024464832,0.110091743,0.850152905,0.619791667,0.461538462,0.285714286,0.25
1629656,Quentin Grimes,PHI,823,0.277035237,0.091130012,0.120291616,0.12272175,0.388821385,0.511543135,0.368165249,0.684210526,0.373737374,0.485148515,0.353125
1631245,Quenton Jackson,IND,122,0.524590164,0.090163934,0.057377049,0.106557377,0.221311475,0.327868852,0.614754098,0.578125,0.142857143,0.307692308,0.407407407
1642366,Quinten Post,GSW,274,0.189781022,0.127737226,0.02919708,0.178832117,0.47080292,0.649635036,0.317518248,0.5,0.625,0.428571429,0.403100775
1641712,Rayan Rupert,POR,142,0.309859155,0.23943662,0.035211268,0.161971831,0.253521127,0.415492958,0.549295775,0.568181818,0.8,0.391304348,0.194444444
1642484,RayJ Dennis,IND,33,0.060606061,0.242424242,0.060606061,0.090909091,0.515151515,0.606060606,0.303030303,1,1,0,0.352941176
1641736,Reece Beekman,BKN,107,0.355140187,0.224299065,0.046728972,0.14953271,0.224299065,0.373831776,0.579439252,0.552631579,0.2,0.25,0.125
1642263,Reed Sheppard,HOU,239,0.10041841,0.158995816,0.146443515,0.10041841,0.493723849,0.594142259,0.259414226,0.625,0.314285714,0.25,0.355932203
1626158,Richaun Holmes,WAS,139,0.705035971,0.258992806,0.014388489,0.014388489,0.007194245,0.021582734,0.964028777,0.744897959,0,0,0
1641741,Ricky Council IV,PHI,463,0.287257019,0.203023758,0.049676026,0.095032397,0.35637149,0.451403888,0.490280778,0.601503759,0.347826087,0.409090909,0.224242424
1642434,Riley Minix,SAS,1,0,0,0,0,1,1,0,0,0,0,0
1629628,RJ Barrett,TOR,982,0.410386965,0.237270876,0.040733198,0.072301426,0.238289206,0.310590631,0.647657841,0.607940447,0.425,0.408450704,0.333333333
1642265,Rob Dillingham,MIN,211,0.279620853,0.227488152,0.142180095,0.056872038,0.293838863,0.3507109,0.507109005,0.627118644,0.266666667,0.5,0.306451613
1629057,Robert Williams III,POR,78,0.769230769,0.153846154,0.038461538,0.025641026,0.012820513,0.038461538,0.923076923,0.75,0.333333333,0.5,0
1631199,Ron Harper Jr.,DET,8,0.125,0.125,0,0.375,0.375,0.75,0.25,0,0,0,0
1641842,Ronald Holland II,DET,416,0.379807692,0.211538462,0.045673077,0.180288462,0.175480769,0.355769231,0.591346154,0.664556962,0.368421053,0.2,0.287671233
1626220,Royce O'Neale,PHX,570,0.115789474,0.089473684,0.021052632,0.196491228,0.571929825,0.768421053,0.205263158,0.636363636,0.25,0.508928571,0.374233129
203497,Rudy Gobert,MIN,510,0.837254902,0.149019608,0.01372549,0,0,0,0.98627451,0.756440281,0,0,0
1629060,Rui Hachimura,LAL,576,0.326388889,0.168402778,0.076388889,0.190972222,0.237847222,0.428819444,0.494791667,0.712765957,0.454545455,0.445454545,0.386861314
201566,Russell Westbrook,DEN,831,0.388688327,0.163658243,0.097472924,0.12755716,0.221419976,0.348977136,0.55234657,0.643962848,0.283950617,0.424528302,0.266304348
1642346,Ryan Dunn,PHX,477,0.20754717,0.213836478,0.025157233,0.322851153,0.230607966,0.553459119,0.421383648,0.707070707,0.333333333,0.331168831,0.281818182
1631157,Ryan Rollins,MIL,271,0.265682657,0.173431734,0.118081181,0.191881919,0.250922509,0.442804428,0.439114391,0.666666667,0.40625,0.480769231,0.352941176
1630180,Saddiq Bey,,,,,,,,,,,,,
1630573,Sam Hauser,BOS,474,0.067510549,0.033755274,0.056962025,0.238396624,0.601265823,0.839662447,0.101265823,0.71875,0.62962963,0.451327434,0.403508772
1630241,Sam Merrill,CLE,424,0.089622642,0.028301887,0.014150943,0.198113208,0.669811321,0.867924528,0.117924528,0.710526316,0.5,0.392857143,0.366197183
1630572,Sandro Mamukelashvili,SAS,281,0.298932384,0.103202847,0.024911032,0.12455516,0.444839858,0.569395018,0.402135231,0.761904762,0.571428571,0.285714286,0.4
1630583,Santi Aldama,MEM,648,0.240740741,0.206790123,0.049382716,0.138888889,0.358024691,0.49691358,0.447530864,0.730769231,0.40625,0.4,0.362068966
1630703,Scoot Henderson,POR,685,0.300729927,0.172262774,0.093430657,0.065693431,0.362043796,0.427737226,0.472992701,0.553398058,0.375,0.4,0.346774194
1630567,Scottie Barnes,TOR,1063,0.266227658,0.280338664,0.190028222,0.038570085,0.220131703,0.258701787,0.546566322,0.64664311,0.396039604,0.341463415,0.264957265
1630590,Scotty Pippen Jr.,MEM,594,0.326599327,0.276094276,0.028619529,0.079124579,0.287878788,0.367003367,0.602693603,0.618556701,0.352941176,0.510638298,0.368421053
203552,Seth Curry,CHA,343,0.093294461,0.119533528,0.256559767,0.172011662,0.358600583,0.530612245,0.212827988,0.75,0.488636364,0.542372881,0.414634146
1641754,Seth Lundy,,,,,,,,,,,,,
1631101,Shaedon Sharpe,POR,1104,0.266304348,0.148550725,0.157608696,0.076086957,0.347826087,0.423913043,0.414855072,0.710884354,0.459770115,0.357142857,0.3046875
1628983,Shai Gilgeous-Alexander,OKC,1656,0.254830918,0.272342995,0.210144928,0.009057971,0.253019324,0.262077295,0.527173913,0.696682464,0.5,0.333333333,0.377088305
1629003,Shake Milton,LAL,254,0.216535433,0.287401575,0.078740157,0.141732283,0.271653543,0.413385827,0.503937008,0.618181818,0.45,0.333333333,0.376811594
1631321,Sidy Cissoko,POR,30,0.266666667,0.266666667,0.033333333,0.166666667,0.266666667,0.433333333,0.533333333,0.75,0,0.4,0.125
1631323,Simone Fontecchio,DET,373,0.211796247,0.109919571,0.069705094,0.227882038,0.375335121,0.603217158,0.321715818,0.582278481,0.346153846,0.282352941,0.371428571
203915,Spencer Dinwiddie,DAL,682,0.17888563,0.244868035,0.098240469,0.092375367,0.385630499,0.478005865,0.423753666,0.581967213,0.402985075,0.412698413,0.315589354
1642461,Spencer Jones,DEN,34,0.205882353,0.235294118,0.058823529,0.323529412,0.176470588,0.5,0.441176471,0.571428571,0.5,0,0.166666667
1630649,Stanley Umude,MIL,26,0.115384615,0.192307692,0.115384615,0.384615385,0.192307692,0.576923077,0.307692308,0.666666667,0,0.2,0.2
201939,Stephen Curry,GSW,1258,0.128775835,0.144674086,0.103338633,0.067567568,0.550874404,0.618441971,0.273449921,0.641975309,0.5,0.482352941,0.388167388
1642264,Stephon Castle,SAS,988,0.37145749,0.189271255,0.102226721,0.050607287,0.282388664,0.332995951,0.560728745,0.626702997,0.336633663,0.34,0.279569892
203500,Steven Adams,HOU,167,0.676646707,0.311377246,0,0,0,0,0.988023952,0.619469027,0,0,0
1629004,Svi Mykhailiuk,UTA,302,0.119205298,0.135761589,0.072847682,0.168874172,0.496688742,0.665562914,0.254966887,0.555555556,0.454545455,0.352941176,0.346666667
204456,T.J. McConnell,IND,624,0.3125,0.394230769,0.21474359,0.025641026,0.051282051,0.076923077,0.706730769,0.646153846,0.447761194,0.375,0.28125
201959,Taj Gibson,CHA,95,0.631578947,0.273684211,0.073684211,0.021052632,0,0.021052632,0.905263158,0.55,0.285714286,0.5,0
1629659,Talen Horton-Tucker,CHI,291,0.439862543,0.116838488,0.024054983,0.092783505,0.326460481,0.419243986,0.556701031,0.5703125,0.428571429,0.407407407,0.315789474
1642379,Taran Armstrong,,,,,,,,,,,,,
1631106,Tari Eason,HOU,559,0.431127013,0.193202147,0.046511628,0.127012522,0.200357782,0.327370304,0.624329159,0.668049793,0.307692308,0.366197183,0.330357143
1627752,Taurean Prince,MIL,514,0.192607004,0.107003891,0.048638132,0.336575875,0.311284047,0.647859922,0.299610895,0.585858586,0.4,0.450867052,0.43125
1641707,Taylor Hendricks,UTA,18,0.111111111,0.166666667,0.055555556,0.388888889,0.277777778,0.666666667,0.277777778,0.5,0,0.428571429,0
1629611,Terance Mann,ATL,413,0.305084746,0.17433414,0.12590799,0.188861985,0.205811138,0.394673123,0.479418886,0.722222222,0.384615385,0.423076923,0.317647059
1629056,Terence Davis,SAC,2,0,0,0.5,0,0.5,0.5,0,0,0,0,0
1630545,Terrence Shannon Jr.,MIN,114,0.421052632,0.236842105,0.070175439,0.184210526,0.087719298,0.271929825,0.657894737,0.6875,0.125,0.380952381,0.3
1626179,Terry Rozier,MIA,635,0.226771654,0.188976378,0.099212598,0.218897638,0.25984252,0.478740157,0.415748031,0.569444444,0.444444444,0.273381295,0.321212121
1628418,Thomas Bryant,IND,321,0.3894081,0.118380062,0.031152648,0.165109034,0.295950156,0.46105919,0.507788162,0.672,0.8,0.41509434,0.273684211
1642275,Tidjane Salaün,CHA,345,0.223188406,0.144927536,0.037681159,0.133333333,0.460869565,0.594202899,0.368115942,0.571428571,0.307692308,0.347826087,0.264150943
203501,Tim Hardaway Jr.,DET,680,0.107352941,0.091176471,0.129411765,0.166176471,0.505882353,0.672058824,0.198529412,0.684931507,0.352272727,0.380530973,0.363372093
202699,Tobias Harris,DET,805,0.219875776,0.293167702,0.159006211,0.151552795,0.176397516,0.327950311,0.513043478,0.734463277,0.40625,0.385245902,0.309859155
1642449,Tolu Smith,DET,9,1,0,0,0,0,0,1,0.666666667,0,0,0
1628396,Tony Bradley,IND,45,0.688888889,0.222222222,0.022222222,0.066666667,0,0.066666667,0.911111111,0.64516129,1,0.333333333,0
1628470,Torrey Craig,BOS,90,0.166666667,0.088888889,0.011111111,0.322222222,0.411111111,0.733333333,0.255555556,0.666666667,0,0.310344828,0.405405405
1641787,Tosan Evbuomwan,BKN,220,0.290909091,0.295454545,0.063636364,0.154545455,0.195454545,0.35,0.586363636,0.671875,0.357142857,0.294117647,0.325581395
1641739,Toumani Camara,POR,716,0.356145251,0.138268156,0.002793296,0.224860335,0.276536313,0.501396648,0.494413408,0.623529412,0,0.354037267,0.393939394
1629027,Trae Young,ATL,1376,0.159156977,0.261627907,0.112645349,0.037063953,0.425872093,0.462936047,0.420784884,0.525114155,0.451612903,0.431372549,0.332764505
1631218,Trayce Jackson-Davis,GSW,302,0.708609272,0.268211921,0.013245033,0.006622517,0.003311258,0.009933775,0.976821192,0.682242991,0,0,0
1630200,Tre Jones,CHI,238,0.445378151,0.298319328,0.054621849,0.100840336,0.100840336,0.201680672,0.743697479,0.679245283,0.384615385,0.458333333,0.333333333
1630544,Tre Mann,CHA,161,0.322981366,0.198757764,0.105590062,0.093167702,0.279503106,0.372670807,0.52173913,0.442307692,0.411764706,0.4,0.4
1630570,Trendon Watford,BKN,350,0.374285714,0.34,0.034285714,0.068571429,0.18,0.248571429,0.714285714,0.603053435,0.166666667,0.291666667,0.349206349
1642280,Trentyn Flowers,LAC,11,0.454545455,0.272727273,0.090909091,0.090909091,0.090909091,0.181818182,0.727272727,0.4,0,0,0
1630243,Trevelin Queen,ORL,147,0.31292517,0.129251701,0.034013605,0.129251701,0.367346939,0.496598639,0.442176871,0.586956522,0.2,0.421052632,0.259259259
1641725,Trey Alexander,DEN,41,0.146341463,0.170731707,0.268292683,0.12195122,0.292682927,0.414634146,0.317073171,0.333333333,0.454545455,0.4,0.083333333
1641998,Trey Jemison III,LAL,74,0.648648649,0.324324324,0.027027027,0,0,0,0.972972973,0.6875,0,0,0
1626168,Trey Lyles,SAC,374,0.237967914,0.088235294,0.037433155,0.200534759,0.435828877,0.636363636,0.326203209,0.640449438,0.642857143,0.373333333,0.325153374
1630530,Trey Murphy III,NOP,839,0.252681764,0.171632896,0.05363528,0.087008343,0.433849821,0.520858164,0.42431466,0.702830189,0.355555556,0.465753425,0.340659341
1641783,Tristan da Silva,ORL,483,0.265010352,0.182194617,0.057971014,0.200828157,0.291925466,0.492753623,0.447204969,0.5859375,0.321428571,0.360824742,0.319148936
202684,Tristan Thompson,CLE,71,0.521126761,0.408450704,0.028169014,0.014084507,0.028169014,0.042253521,0.929577465,0.567567568,0,0,0
1641774,Tristan Vukcevic,WAS,242,0.247933884,0.227272727,0.103305785,0.049586777,0.363636364,0.41322314,0.475206612,0.75,0.6,0.333333333,0.386363636
1641803,Tristen Newton,MIN,8,0.125,0.5,0,0,0.375,0.375,0.625,1,0,0,0
1629660,Ty Jerome,CLE,618,0.147249191,0.338187702,0.105177994,0.063106796,0.343042071,0.406148867,0.485436893,0.538461538,0.584615385,0.487179487,0.433962264
1629639,Tyler Herro,MIA,1378,0.165457184,0.251814224,0.096516691,0.058780842,0.425979681,0.484760522,0.417271408,0.653508772,0.436090226,0.456790123,0.364565588
1642278,Tyler Kolek,NYK,82,0.182926829,0.207317073,0.036585366,0.134146341,0.426829268,0.56097561,0.390243902,0.4,0.666666667,0.363636364,0.285714286
1641890,Tyler Smith,MIL,50,0.24,0.1,0.06,0.2,0.4,0.6,0.34,0.666666667,0.333333333,0.4,0.45
1630169,Tyrese Haliburton,IND,1006,0.130218688,0.157057654,0.154075547,0.043737575,0.505964215,0.549701789,0.287276342,0.717557252,0.483870968,0.431818182,0.390962672
1631213,Tyrese Martin,BKN,465,0.169892473,0.165591398,0.058064516,0.197849462,0.404301075,0.602150538,0.335483871,0.696202532,0.37037037,0.391304348,0.335106383
1630178,Tyrese Maxey,PHI,1091,0.292392301,0.181484876,0.087992667,0.041246563,0.394133822,0.435380385,0.473877177,0.589341693,0.4375,0.311111111,0.341860465
1630623,Tyson Etienne,BKN,52,0.115384615,0.019230769,0.019230769,0.269230769,0.576923077,0.846153846,0.134615385,0.333333333,1,0.428571429,0.233333333
1631102,TyTy Washington Jr.,PHX,45,0.022222222,0.311111111,0.2,0.177777778,0.288888889,0.466666667,0.333333333,1,0.333333333,0.25,0.153846154
1626145,Tyus Jones,PHX,683,0.083455344,0.244509517,0.084919473,0.218155198,0.368960469,0.587115666,0.327964861,0.754385965,0.396551724,0.476510067,0.376984127
1642279,Ulrich Chomche,TOR,5,0.4,0.4,0.2,0,0,0,0.8,0.5,0,0,0
203995,Vasilije Micic,PHX,273,0.19047619,0.168498168,0.183150183,0.014652015,0.443223443,0.457875458,0.358974359,0.5,0.28,0.25,0.363636364
1630249,Vít Krejčí,ATL,292,0.147260274,0.126712329,0.020547945,0.157534247,0.547945205,0.705479452,0.273972603,0.720930233,0.5,0.543478261,0.40625
1641705,Victor Wembanyama,SAS,857,0.241540257,0.12252042,0.165694282,0.031505251,0.431738623,0.463243874,0.364060677,0.753623188,0.401408451,0.333333333,0.359459459
1631246,Vince Williams Jr.,MEM,167,0.185628743,0.203592814,0.041916168,0.173652695,0.389221557,0.562874251,0.389221557,0.612903226,0.571428571,0.413793103,0.215384615
1628427,Vlatko Čančar,DEN,26,0.346153846,0.076923077,0,0.153846154,0.423076923,0.576923077,0.423076923,0.444444444,0,0.5,0.181818182
1631117,Walker Kessler,UTA,419,0.76849642,0.145584726,0.00477327,0.019093079,0.059665871,0.07875895,0.914081146,0.736024845,0,0.5,0.08
1628976,Wendell Carter Jr.,ORL,491,0.380855397,0.183299389,0.114052953,0.118126273,0.203665988,0.321792261,0.564154786,0.695187166,0.392857143,0.25862069,0.22
1631111,Wendell Moore Jr.,CHA,126,0.428571429,0.158730159,0.087301587,0.174603175,0.150793651,0.325396825,0.587301587,0.611111111,0.363636364,0.409090909,0.263157895
1630214,Xavier Tillman,BOS,53,0.188679245,0.188679245,0.018867925,0.245283019,0.358490566,0.603773585,0.377358491,0.7,1,0.076923077,0.210526316
1642530,Yuki Kawamura,MEM,30,0.066666667,0.066666667,0.1,0.1,0.666666667,0.766666667,0.133333333,0.5,0.666666667,0.333333333,0.3
1642274,Yves Missi,NOP,492,0.782520325,0.197154472,0.018292683,0,0,0,0.979674797,0.58961039,0.444444444,0,0
1642258,Zaccharie Risacher,ATL,779,0.337612323,0.168164313,0.052631579,0.187419769,0.254172015,0.441591784,0.505776637,0.619771863,0.390243902,0.438356164,0.292929293
1628380,Zach Collins,CHI,302,0.407284768,0.218543046,0.01986755,0.082781457,0.268211921,0.350993377,0.625827815,0.707317073,0.5,0.28,0.308641975
1641744,Zach Edey,MEM,433,0.565819861,0.286374134,0.027713626,0.036951501,0.083140878,0.120092379,0.852193995,0.73877551,0.25,0.25,0.388888889
203897,Zach LaVine,SAC,1223,0.28045789,0.107113655,0.174161897,0.07686018,0.361406378,0.438266558,0.387571545,0.685131195,0.399061033,0.468085106,0.441176471
1630192,Zeke Nnaji,DEN,141,0.496453901,0.092198582,0.042553191,0.19858156,0.170212766,0.368794326,0.588652482,0.671428571,0.5,0.321428571,0.333333333
1630533,Ziaire Williams,BKN,520,0.288461538,0.098076923,0.032692308,0.248076923,0.328846154,0.576923077,0.386538462,0.593333333,0.294117647,0.310077519,0.368421053
1629627,Zion Williamson,NOP,508,0.559055118,0.399606299,0.015748031,0.001968504,0.021653543,0.023622047,0.958661417,0.64084507,0.125,0,0.272727273
1642389,Zyon Pullin,MEM,1,0,1,0,0,0,0,1,0,0,0,0
