player_name,position,ath__athleticism_score,ath__athleticism_source,stature__height_inches,stature__weight_lbs,stature__wingspan_in,shot__total_fga,shot__freq_rim,shot__freq_paint,shot__freq_mid,shot__freq_corner3,shot__freq_atb3,shot__freq_three,shot__freq_rim_plus_paint,shot__rim_fg_pct,shot__mid_fg_pct,shot__corner3_pct,shot__atb3_pct,pass__minutes,pass__passer_rating,pass__passing_score,shoot__quality
DeAndre Jordan,F-G,87.35,measured,83,265,90,140,0.792857143,0.2,0.007142857,0,0,0,0.992857143,0.720720721,1,0,0,691,4.1,0.41,0
Nic Claxton,C,93.27,imputed,83,215,86.5,568,0.568661972,0.336267606,0.058098592,0.014084507,0.022887324,0.036971831,0.904929577,0.715170279,0.363636364,0.25,0.230769231,1882,4.5,0.45,0
Steven Adams,C,94.92,measured,83,265,88.5,167,0.676646707,0.311377246,0,0,0,0,0.988023952,0.619469027,0,0,0,794,4,0.4,0
Clint Capela,C,93.27,imputed,82,256,88.5,390,0.707692308,0.279487179,0.01025641,0,0.002564103,0.002564103,0.987179487,0.626811594,0.5,0,0,1176,2.4,0.24,2.3
Kevon Looney,F,85.83,imputed,81,222,87.5,278,0.669064748,0.212230216,0.100719424,0.007194245,0.007194245,0.014388489,0.881294964,0.639784946,0.178571429,1,0,1142,6.6,0.66,7.8
Elfrid Payton,G,80.25,measured,75,195,80,122,0.18852459,0.68852459,0.073770492,0.008196721,0.040983607,0.049180328,0.87704918,0.391304348,0.222222222,0,0.2,511,10,1,7.9
Trayce Jackson-Davis,F,101.59,measured,81,245,85,302,0.708609272,0.268211921,0.013245033,0.006622517,0.003311258,0.009933775,0.976821192,0.682242991,0,0,0,967,5.6,0.56,9.6
Bismack Biyombo,C,93.27,imputed,80,255,90,114,0.51754386,0.447368421,0.035087719,0,0,0,0.964912281,0.711864407,0.25,0,0,528,2.9,0.29,10.2
Moussa Diabate,F,84.89,measured,81,210,86.5,280,0.714285714,0.253571429,0.010714286,0.007142857,0.014285714,0.021428571,0.967857143,0.66,0.666666667,0,0,1241,1.6,0.16,11.4
Yves Missi,C,93.27,measured,83,235,86,492,0.782520325,0.197154472,0.018292683,0,0,0,0.979674797,0.58961039,0.444444444,0,0,1956,2.4,0.24,12.9
Walker Kessler,C,93.27,imputed,86,245,88.25,419,0.76849642,0.145584726,0.00477327,0.019093079,0.059665871,0.07875895,0.914081146,0.736024845,0,0.5,0.08,1740,2.6,0.26,17
Jaxson Hayes,G-F,81.12,measured,84,220,87.5,223,0.807174888,0.170403587,0.00896861,0.004484305,0.00896861,0.013452915,0.977578475,0.805555556,0.5,0,0,1093,3.2,0.32,18.6
Oso Ighodaro,F,99.74,measured,83,235,83,187,0.438502674,0.497326203,0.053475936,0,0.005347594,0.005347594,0.935828877,0.804878049,0.6,0,0,1045,5.2,0.52,18.6
Andre Drummond,C,110.34,measured,83,279,90.25,234,0.64957265,0.226495726,0.038461538,0.034188034,0.042735043,0.076923077,0.876068376,0.592105263,0.444444444,0.25,0.1,751,0.4,0.04,19.5
Zion Williamson,F,85.83,imputed,78,284,82.5,508,0.559055118,0.399606299,0.015748031,0.001968504,0.021653543,0.023622047,0.958661417,0.64084507,0.125,0,0.272727273,857,6.1,0.61,20.2
Ivica Zubac,C,93.27,imputed,84,240,88,942,0.532908705,0.439490446,0.027600849,0,0,0,0.972399151,0.71314741,0.461538462,0,0,2624,3.9,0.39,21
Mason Plumlee,F-C,94.91,measured,82,254,83,202,0.707920792,0.247524752,0.024752475,0.00990099,0.004950495,0.014851485,0.955445545,0.762237762,0,0,0,1300,7.2,0.72,21.4
Kris Murray,F,84.85,measured,80,218,83.75,279,0.448028674,0.114695341,0.007168459,0.218637993,0.211469534,0.430107527,0.562724014,0.624,1,0.278688525,0.169491525,1040,3.7,0.37,21.8
Dereck Lively II,C,93.27,imputed,85,230,91,191,0.696335079,0.303664921,0,0,0,0,1,0.77443609,0,0,0,833,6.1,0.61,22.3
Jalen Duren,G,93.27,imputed,82,250,89,546,0.794871795,0.1996337,0.005494505,0,0,0,0.994505495,0.728110599,1,0,0,2034,4.9,0.49,22.8
Rudy Gobert,C,81.6,measured,85,258,92.5,510,0.837254902,0.149019608,0.01372549,0,0,0,0.98627451,0.756440281,0,0,0,2388,3.1,0.31,23.5
Giannis Antetokounmpo,F,85.83,imputed,83,243,87,1319,0.567854435,0.169825625,0.214556482,0.00227445,0.044730857,0.047005307,0.737680061,0.748998665,0.441696113,0,0.237288136,2289,6.8,0.68,24.7
Jakob Poeltl,G,93.27,imputed,84,253,86.75,579,0.537132988,0.379965458,0.077720207,0.001727116,0.001727116,0.003454231,0.917098446,0.736334405,0.533333333,1,0,1686,4.2,0.42,26
Adem Bona,G,107.43,measured,82,235,87.75,192,0.848958333,0.135416667,0.010416667,0.005208333,0,0.005208333,0.984375,0.73006135,0,0,0,0,0,0,27.1
Isaiah Hartenstein,C-F,89.695,imputed,84,250,86.25,480,0.422916667,0.495833333,0.041666667,0.00625,0.033333333,0.039583333,0.91875,0.724137931,0.4,0,0,1590,6.9,0.69,27.5
Daniel Gafford,G,99.48,measured,82,265,86.5,403,0.791563275,0.200992556,0.007444169,0,0,0,0.992555831,0.742946708,0.666666667,0,0,1226,2.7,0.27,28
Drew Eubanks,F-C,95.17,imputed,82,245,83,194,0.5,0.43814433,0.030927835,0.025773196,0.005154639,0.030927835,0.93814433,0.711340206,0.166666667,0.6,0,746,3.5,0.35,28.4
Goga Bitadze,C-F,89.695,imputed,82,250,86,339,0.710914454,0.171091445,0.03539823,0.017699115,0.061946903,0.079646018,0.8820059,0.726141079,0.083333333,0,0.142857143,1430,5.7,0.57,29.6
Dwight Powell,F-C,89.02,measured,82,240,84.5,61,0.803278689,0.114754098,0,0.06557377,0.016393443,0.081967213,0.918032787,0.755102041,0,0.5,0,551,8.3,0.83,30.6
Donovan Clingan,C,94.5,measured,86,280,90.75,334,0.71257485,0.125748503,0.01497006,0.01497006,0.131736527,0.146706587,0.838323353,0.634453782,0.2,0.4,0.272727273,1324,2.6,0.26,31
Ausar Thompson,G-F,84.81,imputed,79,205,84,460,0.613043478,0.254347826,0.026086957,0.056521739,0.041304348,0.097826087,0.867391304,0.673758865,0.333333333,0.269230769,0.210526316,1328,4.6,0.46,31.6
Luke Kornet,C-F,89.695,imputed,85,250,85,280,0.803571429,0.164285714,0.021428571,0.003571429,0.007142857,0.010714286,0.967857143,0.728888889,0.666666667,0,0,1361,6.8,0.68,33.1
Precious Achiuwa,F,85.83,imputed,80,243,84.75,327,0.587155963,0.262996942,0.039755352,0.085626911,0.024464832,0.110091743,0.850152905,0.619791667,0.461538462,0.285714286,0.25,1170,2.3,0.23,33.4
Dyson Daniels,G,78.51,measured,79,199,82.5,923,0.344528711,0.373781148,0.02708559,0.061755146,0.186348862,0.248104009,0.718309859,0.65408805,0.28,0.438596491,0.319767442,2571,6.3,0.63,33.8
Brandon Clarke,F,92.48,measured,80,215,80.25,380,0.492105263,0.421052632,0.042105263,0.036842105,0.007894737,0.044736842,0.913157895,0.807486631,0.5,0.071428571,0,1207,2.8,0.28,33.9
Jarrett Allen,C-F,95.76,measured,81,243,89.25,640,0.6703125,0.290625,0.03125,0.003125,0.0046875,0.0078125,0.9609375,0.771561772,0.55,0,0,2296,3.6,0.36,34.1
Alperen Sengun,C,93.27,imputed,83,243,84.5,1143,0.420822397,0.407699038,0.092738408,0.005249344,0.073490814,0.078740157,0.828521435,0.648648649,0.377358491,0.333333333,0.226190476,2395,6.1,0.61,34.4
Jarred Vanderbilt,G,85.83,imputed,80,214,85,121,0.652892562,0.082644628,0,0.214876033,0.041322314,0.256198347,0.73553719,0.607594937,0,0.346153846,0,581,4.2,0.42,35.4
Jericho Sims,C,114.99,measured,82,250,87,71,0.845070423,0.14084507,0.014084507,0,0,0,0.985915493,0.683333333,1,0,0,632,3.5,0.35,35.6
Deandre Ayton,G,93.27,imputed,84,252,90,468,0.403846154,0.322649573,0.205128205,0.034188034,0.034188034,0.068376068,0.726495726,0.740740741,0.458333333,0.0625,0.3125,1206,1.7,0.17,36
Amen Thompson,G-F,84.81,imputed,79,200,84,697,0.512195122,0.259684362,0.097560976,0.077474892,0.050215208,0.1276901,0.771879484,0.719887955,0.382352941,0.37037037,0.142857143,2225,5.8,0.58,36.2
Isaiah Collier,G,83.41,measured,76,210,76.75,555,0.318918919,0.302702703,0.073873874,0.079279279,0.216216216,0.295495495,0.621621622,0.655367232,0.317073171,0.340909091,0.216666667,1839,8.6,0.86,36.2
Olivier-Maxence Prosper,F,96.37,measured,79,230,85,174,0.431034483,0.218390805,0.057471264,0.201149425,0.091954023,0.293103448,0.649425287,0.6,0.2,0.257142857,0.1875,584,4.2,0.42,36.2
Ryan Dunn,F,90.38,measured,79,216,85.5,477,0.20754717,0.213836478,0.025157233,0.322851153,0.230607966,0.553459119,0.421383648,0.707070707,0.333333333,0.331168831,0.281818182,1410,1.9,0.19,36.9
Blake Wesley,G,78.11,measured,75,190,81.25,186,0.489247312,0.123655914,0.075268817,0.112903226,0.198924731,0.311827957,0.612903226,0.593406593,0.142857143,0.333333333,0.27027027,683,7.3,0.73,38.1
Kyle Kuzma,F,82.29,measured,81,221,79,848,0.278301887,0.251179245,0.100235849,0.100235849,0.265330189,0.365566038,0.529481132,0.699152542,0.329411765,0.341176471,0.293333333,1936,3,0.3,38.2
Jusuf Nurkic,C,93.27,imputed,83,290,86,352,0.386363636,0.289772727,0.025568182,0.034090909,0.261363636,0.295454545,0.676136364,0.625,0.222222222,0.416666667,0.293478261,1063,4.3,0.43,38.8
RJ Barrett,G-F,89.825,imputed,78,214,82,982,0.410386965,0.237270876,0.040733198,0.072301426,0.238289206,0.310590631,0.647657841,0.607940447,0.425,0.408450704,0.333333333,1869,6.3,0.63,39.8
Dillon Jones,F,85.03,measured,77,235,83,133,0.315789474,0.172932331,0.037593985,0.105263158,0.368421053,0.473684211,0.488721805,0.595238095,0.2,0.214285714,0.265306122,551,6.1,0.61,39.9
Jonathan Kuminga,F,85.83,imputed,79,225,83.25,568,0.309859155,0.329225352,0.095070423,0.080985915,0.181338028,0.262323944,0.639084507,0.715909091,0.240740741,0.282608696,0.32038835,1144,3.6,0.36,39.9
Alex Len,C,93.27,imputed,84,250,87.5,63,0.444444444,0.349206349,0.063492063,0.063492063,0.079365079,0.142857143,0.793650794,0.607142857,0.25,0.25,0.2,380,6.8,0.68,39.91714286
Ariel Hukporti,C,82.63,measured,84,246,86,31,0.741935484,0.258064516,0,0,0,0,1,0.739130435,0,0,0,217,0.6,0.06,39.91714286
Branden Carlson,C,93.27,imputed,84,231,85,97,0.18556701,0.103092784,0.030927835,0.206185567,0.474226804,0.680412371,0.288659794,0.777777778,0.333333333,0.35,0.326086957,246,2.7,0.27,39.91714286
Colin Castleton,C,93.27,imputed,82,250,87.5,98,0.397959184,0.428571429,0.010204082,0.112244898,0.051020408,0.163265306,0.826530612,0.692307692,0,0.181818182,0,432,3.2,0.32,39.91714286
De'Anthony Melton,C,80.625,imputed,75,200,80.5,54,0.166666667,0.148148148,0.037037037,0.074074074,0.574074074,0.648148148,0.314814815,0.444444444,0,0.75,0.322580645,121,5.5,0.55,39.91714286
Duop Reath,C,93.27,imputed,81,245,85,166,0.259036145,0.084337349,0.018072289,0.15060241,0.487951807,0.638554217,0.343373494,0.744186047,0,0.32,0.320987654,469,2.7,0.27,39.91714286
Jahmir Young,C,80.625,imputed,73,185,75,5,0.6,0,0,0,0.4,0.4,0.6,1,0,0,0.5,0,0,0,39.91714286
Jalen Bridges,C,75.49,measured,79,214,82,7,0,0,0,0.428571429,0.571428571,1,0,0,0,0.666666667,0,0,0,0,39.91714286
Jimmy Butler III,C,85.83,imputed,79,230,79.5,597,0.425460637,0.254606365,0.145728643,0.092127303,0.078726968,0.170854271,0.680067002,0.696850394,0.356321839,0.381818182,0.234042553,1746,8,0.8,39.91714286
Keion Brooks Jr.,C,85.83,imputed,79,215,84,109,0.302752294,0.229357798,0.073394495,0.155963303,0.23853211,0.394495413,0.532110092,0.727272727,1,0.411764706,0.269230769,332,1.4,0.14,39.91714286
Luka Garza,C,80.55,measured,82,243,85.5,105,0.361904762,0.228571429,0.066666667,0.028571429,0.314285714,0.342857143,0.59047619,0.684210526,0.285714286,0,0.303030303,219,1.8,0.18,39.91714286
Trey Jemison III,C,93.27,imputed,84,260,90,74,0.648648649,0.324324324,0.027027027,0,0,0,0.972972973,0.6875,0,0,0,0,0,0,39.91714286
Ulrich Chomche,C,89.61,measured,82,225,88,5,0.4,0.4,0.2,0,0,0,0.8,0.5,0,0,0,0,0,0,39.91714286
Jonathan Isaac,F,85.83,imputed,82,230,85,324,0.367283951,0.033950617,0.132716049,0.299382716,0.166666667,0.466049383,0.401234568,0.647058824,0.302325581,0.309278351,0.166666667,1090,1.7,0.17,40.1
Russell Westbrook,G,79.57,measured,76,200,79.75,831,0.388688327,0.163658243,0.097472924,0.12755716,0.221419976,0.348977136,0.55234657,0.643962848,0.283950617,0.424528302,0.266304348,2092,7.4,0.74,40.2
Ben Simmons,G-F,84.81,imputed,82,240,84.5,223,0.488789238,0.466367713,0.044843049,0,0,0,0.955156951,0.605504587,0.2,0,0,1120,10,1,40.3
Caleb Martin,G,78.73,measured,77,205,82.25,304,0.282894737,0.177631579,0.200657895,0.144736842,0.1875,0.332236842,0.460526316,0.581395349,0.37704918,0.477272727,0.280701754,1218,4.3,0.43,40.3
Nick Richards,C,94.74,measured,83,245,86.25,347,0.634005764,0.311239193,0.048991354,0.005763689,0,0.005763689,0.945244957,0.709090909,0.470588235,0,0,1256,0.3,0.03,40.5
Zeke Nnaji,F-C,103.79,measured,81,240,86,141,0.496453901,0.092198582,0.042553191,0.19858156,0.170212766,0.368794326,0.588652482,0.671428571,0.5,0.321428571,0.333333333,608,2.3,0.23,41.2
Delon Wright,G-F,75.33,measured,77,185,79.5,131,0.27480916,0.145038168,0.022900763,0.160305344,0.396946565,0.557251908,0.419847328,0.555555556,0.666666667,0.428571429,0.211538462,635,7.8,0.78,41.3
Wendell Carter Jr.,C-F,89.695,imputed,82,270,88.5,491,0.380855397,0.183299389,0.114052953,0.118126273,0.203665988,0.321792261,0.564154786,0.695187166,0.392857143,0.25862069,0.22,1758,4.1,0.41,41.4
Jonathan Mogbo,G,90.6,measured,81,225,86,356,0.528089888,0.196629213,0.078651685,0.092696629,0.098314607,0.191011236,0.724719101,0.590425532,0.214285714,0.303030303,0.2,1286,6.3,0.63,42
Jeremy Sochan,C,85.83,imputed,80,230,83.75,469,0.620469083,0.151385928,0.034115139,0.081023454,0.113006397,0.194029851,0.771855011,0.680412371,0.1875,0.289473684,0.320754717,1364,4.4,0.44,42.1
Andre Jackson Jr.,G,82.51,measured,78,209,81.75,197,0.395939086,0.16751269,0.050761421,0.218274112,0.16751269,0.385786802,0.563451777,0.653846154,0.5,0.372093023,0.424242424,980,4.8,0.48,42.2
Neemias Queta,C,82.885,measured,84,248,88.25,203,0.714285714,0.251231527,0.019704433,0.004926108,0.004926108,0.009852217,0.965517241,0.710344828,0.75,0,0,863,2.6,0.26,43.1
Draymond Green,F,88.24,measured,78,230,85.25,509,0.249508841,0.223968566,0.043222004,0.198428291,0.282907662,0.481335953,0.473477407,0.582677165,0.5,0.336633663,0.319444444,1983,8.4,0.84,43.4
Kel'el Ware,F-C,96.9,measured,84,230,88.5,464,0.497844828,0.198275862,0.064655172,0.045258621,0.189655172,0.234913793,0.69612069,0.701298701,0.4,0.19047619,0.352272727,1422,1.7,0.17,43.4
Kyle Filipowski,C,84.22,measured,83,250,82.5,518,0.301158301,0.254826255,0.019305019,0.148648649,0.274131274,0.422779923,0.555984556,0.666666667,0.5,0.376623377,0.338028169,1522,4.2,0.42,43.4
Zach Edey,C,101.435,measured,88,305,94.75,433,0.565819861,0.286374134,0.027713626,0.036951501,0.083140878,0.120092379,0.852193995,0.73877551,0.25,0.25,0.388888889,1416,1.2,0.12,44
Alex Sarr,C,93.27,imputed,84,205,88.25,828,0.231884058,0.268115942,0.088164251,0.064009662,0.347826087,0.411835749,0.5,0.635416667,0.369863014,0.358490566,0.298611111,1814,3.8,0.38,44.2
Cody Martin,F,76.155,measured,78,205,82.25,325,0.286153846,0.110769231,0.138461538,0.249230769,0.215384615,0.464615385,0.396923077,0.688172043,0.4,0.283950617,0.285714286,1173,5.2,0.52,44.4
Cody Williams,F,77.03,measured,80,190,85,257,0.140077821,0.249027237,0.085603113,0.311284047,0.214007782,0.525291829,0.389105058,0.5,0.227272727,0.25,0.272727273,1060,3,0.3,44.9
Day'Ron Sharpe,C,93.27,imputed,82,265,84,317,0.599369085,0.217665615,0.041009464,0.041009464,0.100946372,0.141955836,0.8170347,0.621052632,0.615384615,0.384615385,0.1875,907,4.4,0.44,45
Peyton Watson,C,78.97,measured,79,200,84.5,428,0.455607477,0.186915888,0.039719626,0.177570093,0.137850467,0.315420561,0.642523364,0.635897436,0.176470588,0.447368421,0.237288136,1656,3.2,0.32,45
Stephon Castle,G,81.97,measured,78,215,81,988,0.37145749,0.189271255,0.102226721,0.050607287,0.282388664,0.332995951,0.560728745,0.626702997,0.336633663,0.34,0.279569892,2162,5.9,0.59,45
Colby Jones,G,82.76,measured,78,207,80,129,0.240310078,0.255813953,0.124031008,0.100775194,0.279069767,0.379844961,0.496124031,0.709677419,0.375,0.307692308,0.333333333,515,4.9,0.49,45.3
Dean Wade,G,95.17,imputed,81,228,82,271,0.132841328,0.033210332,0.014760148,0.335793358,0.483394834,0.819188192,0.166051661,0.75,0.25,0.417582418,0.320610687,1252,5.2,0.52,45.5
T.J. McConnell,G,80.625,imputed,73,190,74,624,0.3125,0.394230769,0.21474359,0.025641026,0.051282051,0.076923077,0.706730769,0.646153846,0.447761194,0.375,0.28125,1415,8.6,0.86,45.8
Tidjane Salaun,F,81.9,measured,80,207,84.75,345,0.223188406,0.144927536,0.037681159,0.133333333,0.460869565,0.594202899,0.368115942,0.571428571,0.307692308,0.347826087,0.264150943,1244,2.9,0.29,45.9
Jae'Sean Tate,F,85.83,imputed,76,230,80,148,0.371621622,0.304054054,0.013513514,0.209459459,0.101351351,0.310810811,0.675675676,0.672727273,0.5,0.451612903,0.133333333,588,4.9,0.49,46.1
Bilal Coulibaly,G,80.625,imputed,79,195,86.5,624,0.317307692,0.224358974,0.099358974,0.08974359,0.269230769,0.358974359,0.541666667,0.702020202,0.258064516,0.339285714,0.261904762,1948,4.8,0.48,46.2
Pelle Larsson,F,86.95,measured,78,215,80,203,0.39408867,0.123152709,0.014778325,0.162561576,0.305418719,0.467980296,0.517241379,0.6,0,0.393939394,0.306451613,782,5.3,0.53,46.4
Scottie Barnes,F-G,103.29,measured,80,237,86.75,1063,0.266227658,0.280338664,0.190028222,0.038570085,0.220131703,0.258701787,0.546566322,0.64664311,0.396039604,0.341463415,0.264957265,2134,6.8,0.68,46.6
Rob Dillingham,G,80.625,imputed,74,175,75,211,0.279620853,0.227488152,0.142180095,0.056872038,0.293838863,0.3507109,0.507109005,0.627118644,0.266666667,0.5,0.306451613,516,6.9,0.69,47
Jock Landale,F-G,93.27,imputed,83,255,86,152,0.447368421,0.263157895,0.118421053,0.013157895,0.157894737,0.171052632,0.710526316,0.647058824,0.444444444,0,0.458333333,500,4.1,0.41,47.3
Derrick Jones Jr.,F,85.83,imputed,78,210,84,589,0.439728353,0.166383701,0.022071307,0.202037351,0.168081494,0.370118846,0.606112054,0.702702703,0.307692308,0.361344538,0.353535354,1873,1.1,0.11,47.8
Bol Bol,C-F,89.695,imputed,87,220,91,183,0.114754098,0.169398907,0.207650273,0.278688525,0.229508197,0.508196721,0.284153005,0.80952381,0.657894737,0.352941176,0.333333333,448,2,0.2,47.86923077
Charles Bassey,C-F,94.825,measured,82,230,87.5,117,0.692307692,0.273504274,0.034188034,0,0,0,0.965811966,0.617283951,0.25,0,0,376,1,0.1,47.86923077
Joe Ingles,C-F,76.36,measured,80,220,82.25,23,0.043478261,0.260869565,0.043478261,0.086956522,0.565217391,0.652173913,0.304347826,0,0,0,0.230769231,0,0,0,47.86923077
Mitchell Robinson,C-F,89.695,imputed,84,240,88,56,0.946428571,0.053571429,0,0,0,0,1,0.679245283,0,0,0,290,2.7,0.27,47.86923077
Nate Williams,C-F,80.625,imputed,78,205,82,62,0.193548387,0.35483871,0.032258065,0.209677419,0.209677419,0.419354839,0.548387097,0.75,0.5,0.230769231,0.230769231,147,1.2,0.12,47.86923077
Robert Williams III,C-F,89.695,imputed,81,249,89.5,78,0.769230769,0.153846154,0.038461538,0.025641026,0.012820513,0.038461538,0.923076923,0.75,0.333333333,0.5,0,351,3.1,0.31,47.86923077
Tony Bradley,C-F,83.26,measured,82,248,89,45,0.688888889,0.222222222,0.022222222,0.066666667,0,0.066666667,0.911111111,0.64516129,1,0.333333333,0,0,0,0,47.86923077
Javonte Green,C,80.625,imputed,76,205,82,287,0.351916376,0.135888502,0.020905923,0.243902439,0.24738676,0.491289199,0.487804878,0.633663366,0,0.314285714,0.338028169,1258,2.9,0.29,48
Anthony Davis,F-C,95.17,imputed,82,253,89.5,910,0.36043956,0.298901099,0.204395604,0.012087912,0.124175824,0.136263736,0.659340659,0.722560976,0.424731183,0.090909091,0.300884956,1706,4.2,0.42,48.2
Gary Payton II,G,79.81,measured,74,195,80,298,0.473154362,0.194630872,0.013422819,0.181208054,0.137583893,0.318791946,0.667785235,0.794326241,0.25,0.407407407,0.219512195,927,4.8,0.48,48.2
Jamal Cain,G,85.83,imputed,79,190,83,158,0.240506329,0.202531646,0.050632911,0.246835443,0.259493671,0.506329114,0.443037975,0.657894737,0.25,0.307692308,0.341463415,502,1.5,0.15,48.4
KJ Martin,C-F,85.83,imputed,78,215,79.25,201,0.52238806,0.184079602,0.004975124,0.218905473,0.069651741,0.288557214,0.706467662,0.685714286,1,0.318181818,0.071428571,912,3.7,0.37,48.4
Onyeka Okongwu,F-C,95.17,imputed,82,240,86,684,0.548245614,0.228070175,0.007309942,0.118421053,0.096491228,0.214912281,0.776315789,0.701333333,0.6,0.345679012,0.303030303,2064,4.1,0.41,48.4
Kris Dunn,G,80.625,imputed,75,205,81,437,0.203661327,0.256292906,0.027459954,0.256292906,0.254004577,0.510297483,0.459954233,0.696629213,0.416666667,0.348214286,0.324324324,1783,7.1,0.71,48.6
Gui Santos,F,85.83,imputed,80,210,85,179,0.290502793,0.122905028,0.011173184,0.217877095,0.351955307,0.569832402,0.413407821,0.75,1,0.384615385,0.301587302,762,6,0.6,48.7
Isaiah Stewart,F-C,95.17,imputed,80,250,88.75,315,0.577777778,0.231746032,0.022222222,0.028571429,0.13968254,0.168253968,0.80952381,0.681318681,0.428571429,0.333333333,0.318181818,1434,5.2,0.52,48.7
Jabari Walker,F,85.17,measured,79,237,82.75,229,0.519650655,0.131004367,0.034934498,0.152838428,0.15720524,0.310043668,0.650655022,0.663865546,0.25,0.485714286,0.305555556,749,2.1,0.21,48.7
Jalen Johnson,F-C,85.83,imputed,80,219,84.25,542,0.407749077,0.260147601,0.07195572,0.081180812,0.175276753,0.256457565,0.667896679,0.719457014,0.358974359,0.318181818,0.315789474,1284,5.8,0.58,48.7
Dalen Terry,G,85.83,imputed,79,195,84.75,268,0.436567164,0.149253731,0.026119403,0.175373134,0.212686567,0.388059701,0.585820896,0.581196581,0.142857143,0.361702128,0.350877193,987,5.3,0.53,48.8
Jaime Jaquez Jr.,G,100.28,measured,78,225,81.5,462,0.41991342,0.270562771,0.051948052,0.138528139,0.114718615,0.253246753,0.69047619,0.613402062,0.375,0.28125,0.358490566,1368,5.6,0.56,48.8
Maxi Kleber,F,85.83,imputed,82,240,82.75,96,0.239583333,0.145833333,0.104166667,0.177083333,0.333333333,0.510416667,0.385416667,0.565217391,0.7,0.235294118,0.28125,637,5.6,0.56,48.8
Kelly Oubre Jr.,G,89.825,imputed,80,203,86.25,741,0.391363023,0.246963563,0.035087719,0.114709852,0.211875843,0.326585695,0.638326586,0.665517241,0.384615385,0.352941176,0.261146497,2078,2.3,0.23,48.9
Mouhamed Gueye,F,85.83,imputed,82,210,87.25,171,0.356725146,0.140350877,0.029239766,0.286549708,0.187134503,0.473684211,0.497076023,0.639344262,0.4,0.244897959,0.28125,533,2.7,0.27,48.9
Terance Mann,G-F,88.58,measured,78,215,79.75,413,0.305084746,0.17433414,0.12590799,0.188861985,0.205811138,0.394673123,0.479418886,0.722222222,0.384615385,0.423076923,0.317647059,1414,5.3,0.53,48.9
Evan Mobley,C,93.27,imputed,83,215,88,906,0.476821192,0.231788079,0.037527594,0.052980132,0.199779249,0.252759382,0.708609272,0.761574074,0.235294118,0.416666667,0.359116022,2167,4.7,0.47,49
Paolo Banchero,F,85.83,imputed,82,250,84.5,911,0.265642151,0.196487377,0.239297475,0.028540066,0.264544457,0.293084523,0.462129528,0.661157025,0.417431193,0.269230769,0.331950207,1582,5.4,0.54,49.2
Kyle Anderson,F-G,89.825,imputed,80,230,86.75,303,0.267326733,0.405940594,0.095709571,0.108910891,0.108910891,0.217821782,0.673267327,0.703703704,0.310344828,0.424242424,0.333333333,1002,8,0.8,49.5
Riley Minix,F-G,85.83,imputed,79,210,83,1,0,0,0,0,1,1,0,0,0,0,0,0,0,0,49.59
Trey Lyles,F,85.83,imputed,81,234,85.5,374,0.237967914,0.088235294,0.037433155,0.200534759,0.435828877,0.636363636,0.326203209,0.640449438,0.642857143,0.373333333,0.325153374,1349,4,0.4,50.4
Anthony Black,G,89.32,measured,79,200,79.5,620,0.346774194,0.248387097,0.090322581,0.125806452,0.187096774,0.312903226,0.59516129,0.576744186,0.303571429,0.397435897,0.267241379,1887,5.3,0.53,50.6
Tosan Evbuomwan,F,85.83,imputed,80,219,83,220,0.290909091,0.295454545,0.063636364,0.154545455,0.195454545,0.35,0.586363636,0.671875,0.357142857,0.294117647,0.325581395,665,3.7,0.37,50.7
Davion Mitchell,G,80.625,imputed,72,202,76.25,476,0.331932773,0.172268908,0.052521008,0.090336134,0.344537815,0.43487395,0.504201681,0.588607595,0.28,0.418604651,0.402439024,2027,8.6,0.86,50.8
Jake LaRavia,F,84.71,measured,79,235,81.5,337,0.326409496,0.222551929,0.029673591,0.112759644,0.302670623,0.415430267,0.548961424,0.672727273,0.3,0.368421053,0.441176471,1349,6,0.6,50.8
Josh Green,G,87.44,measured,77,200,81.75,421,0.209026128,0.123515439,0.078384798,0.363420428,0.22327791,0.586698337,0.332541568,0.602272727,0.363636364,0.411764706,0.361702128,1887,3.4,0.34,50.8
Karlo Matkovic,G,95.17,imputed,82,231,86,235,0.476595745,0.212765957,0.029787234,0.153191489,0.127659574,0.280851064,0.689361702,0.758928571,0.428571429,0.361111111,0.266666667,791,2.3,0.23,50.9
Gary Harris,G,80.625,imputed,76,210,78.75,133,0.105263158,0.097744361,0.037593985,0.323308271,0.436090226,0.759398496,0.203007519,0.642857143,0.6,0.372093023,0.344827586,711,2.9,0.29,51
Moritz Wagner,F-C,84.33,measured,83,245,84,249,0.582329317,0.112449799,0.004016064,0.096385542,0.204819277,0.301204819,0.694779116,0.689655172,0,0.375,0.352941176,564,2.5,0.25,51
John Konchar,G,80.625,imputed,77,210,80,91,0.263736264,0.032967033,0.021978022,0.362637363,0.307692308,0.67032967,0.296703297,0.708333333,0,0.363636364,0.392857143,558,6.5,0.65,51.1
Trendon Watford,G-F,88.73,measured,80,237,86.25,350,0.374285714,0.34,0.034285714,0.068571429,0.18,0.248571429,0.714285714,0.603053435,0.166666667,0.291666667,0.349206349,913,5.2,0.52,51.1
Dalano Banton,G,85.83,imputed,80,203,82.25,507,0.317554241,0.187376726,0.057199211,0.094674556,0.339250493,0.433925049,0.504930966,0.552795031,0.310344828,0.395833333,0.308139535,1120,5.7,0.57,51.2
Justin Champagnie,G-F,77.79,measured,78,206,83,411,0.372262774,0.133819951,0.0243309,0.155717762,0.311435523,0.467153285,0.506082725,0.725490196,0.5,0.359375,0.3984375,1340,1.8,0.18,51.4
Bam Adebayo,C-F,89.695,imputed,81,255,86.75,1113,0.239892183,0.398921833,0.16262354,0.059299191,0.139263252,0.198562444,0.638814016,0.700374532,0.453038674,0.454545455,0.316129032,2674,5.8,0.58,51.6
Andrew Nembhard,G-F,73.89,measured,76,191,77.75,539,0.220779221,0.228200371,0.226345083,0.087198516,0.235621521,0.322820037,0.448979592,0.697478992,0.459016393,0.29787234,0.291338583,1881,8,0.8,51.8
Talen Horton-Tucker,G,83.51,measured,76,234,85.25,291,0.439862543,0.116838488,0.024054983,0.092783505,0.326460481,0.419243986,0.556701031,0.5703125,0.428571429,0.407407407,0.315789474,724,4.9,0.49,51.9
Zaccharie Risacher,F,70.58,measured,80,200,82.5,779,0.337612323,0.168164313,0.052631579,0.187419769,0.254172015,0.441591784,0.505776637,0.619771863,0.390243902,0.438356164,0.292929293,1843,1.7,0.17,52.1
KJ Simpson,C-F,82.75,measured,74,187,78,301,0.209302326,0.259136213,0.099667774,0.063122924,0.368770764,0.431893688,0.468438538,0.619047619,0.266666667,0.263157895,0.252252252,842,5.6,0.56,52.2
Santi Aldama,F-C,95.17,imputed,84,215,83,648,0.240740741,0.206790123,0.049382716,0.138888889,0.358024691,0.49691358,0.447530864,0.730769231,0.40625,0.4,0.362068966,1660,5.9,0.59,52.4
Patrick Williams,G,85.83,imputed,79,215,83,516,0.236434109,0.153100775,0.083333333,0.118217054,0.408914729,0.527131783,0.389534884,0.5,0.302325581,0.37704918,0.345971564,1576,3.7,0.37,52.5
Jarace Walker,G,108.14,measured,79,235,86.5,360,0.225,0.180555556,0.080555556,0.127777778,0.383333333,0.511111111,0.405555556,0.567901235,0.448275862,0.413043478,0.405797101,1187,4.5,0.45,52.6
Josh Okogie,G,91.74,measured,76,213,84,212,0.344339623,0.183962264,0.037735849,0.231132075,0.202830189,0.433962264,0.528301887,0.657534247,0.25,0.387755102,0.302325581,625,2,0.2,52.6
Caris LeVert,G,80.625,imputed,79,205,82,599,0.325542571,0.150250417,0.050083472,0.150250417,0.323873122,0.474123539,0.475792988,0.646153846,0.266666667,0.422222222,0.350515464,1596,6.6,0.66,52.7
Kevin Porter Jr.,G,79.55,measured,76,203,81,652,0.214723926,0.279141104,0.234662577,0.036809816,0.234662577,0.271472393,0.493865031,0.621428571,0.45751634,0.416666667,0.294117647,1482,6.7,0.67,52.7
Scotty Pippen Jr.,G,76.81,measured,73,185,75,594,0.326599327,0.276094276,0.028619529,0.079124579,0.287878788,0.367003367,0.602693603,0.618556701,0.352941176,0.510638298,0.368421053,1683,8.1,0.81,52.7
Toumani Camara,F,84.95,measured,79,230,84.5,716,0.356145251,0.138268156,0.002793296,0.224860335,0.276536313,0.501396648,0.494413408,0.623529412,0,0.354037267,0.393939394,2548,3.7,0.37,52.7
Isaac Okoro,F-G,89.825,imputed,77,225,80.5,267,0.370786517,0.052434457,0.011235955,0.348314607,0.217228464,0.565543071,0.423220974,0.636363636,0,0.387096774,0.344827586,1053,4.5,0.45,52.9
Ricky Council IV,F,85.55,measured,78,205,82,463,0.287257019,0.203023758,0.049676026,0.095032397,0.35637149,0.451403888,0.490280778,0.601503759,0.347826087,0.409090909,0.224242424,1250,3.5,0.35,52.9
Justin Edwards,F,80.62,measured,78,203,82,378,0.246031746,0.150793651,0.100529101,0.132275132,0.37037037,0.502645503,0.396825397,0.634408602,0.447368421,0.4,0.35,1155,2.9,0.29,53
P.J. Washington,F,85.83,imputed,79,230,86.5,665,0.282706767,0.306766917,0.05112782,0.127819549,0.231578947,0.359398496,0.589473684,0.664893617,0.352941176,0.376470588,0.383116883,1835,3,0.3,53
Alex Reese,F-C,95.17,imputed,81,230,82,54,0.166666667,0.055555556,0.018518519,0.277777778,0.462962963,0.740740741,0.222222222,1,1,0.2,0.48,0,0,0,53.04545455
Damion Baugh,F-C,80.625,imputed,76,194,82,130,0.261538462,0.284615385,0.023076923,0.146153846,0.284615385,0.430769231,0.546153846,0.558823529,0.333333333,0.105263158,0.27027027,370,6.6,0.66,53.04545455
Dante Exum,F-C,83.73,measured,77,214,81,134,0.328358209,0.208955224,0.067164179,0.126865672,0.26119403,0.388059701,0.537313433,0.613636364,0.333333333,0.588235294,0.371428571,372,7.1,0.71,53.04545455
Kai Jones,F-C,89.695,imputed,83,221,85,109,0.688073394,0.19266055,0.073394495,0.009174312,0.036697248,0.04587156,0.880733945,0.946666667,0.375,0,0.25,468,2.9,0.29,53.04545455
Larry Nance Jr.,F-C,95.17,imputed,80,245,85.5,155,0.309677419,0.15483871,0.04516129,0.180645161,0.296774194,0.477419355,0.464516129,0.6875,0.428571429,0.464285714,0.456521739,463,4.6,0.46,53.04545455
Oscar Tshiebwe,F-C,97.19,measured,80,255,87.5,70,0.5,0.485714286,0.014285714,0,0,0,0.985714286,0.714285714,0,0,0,255,0.9,0.09,53.04545455
Vince Williams Jr.,F-C,80.625,imputed,76,205,83,167,0.185628743,0.203592814,0.041916168,0.173652695,0.389221557,0.562874251,0.389221557,0.612903226,0.571428571,0.413793103,0.215384615,499,4.8,0.48,53.04545455
Josh Hart,F,80.905,measured,77,215,80.25,770,0.451948052,0.151948052,0.067532468,0.085714286,0.241558442,0.327272727,0.603896104,0.706896552,0.461538462,0.303030303,0.344086022,2897,8,0.8,53.2
Naji Marshall,G,88.82,measured,78,220,84.75,712,0.293539326,0.344101124,0.056179775,0.148876404,0.146067416,0.29494382,0.637640449,0.708133971,0.575,0.29245283,0.278846154,1919,5,0.5,53.2
Pascal Siakam,G,91.29,measured,80,245,87.25,1182,0.289340102,0.262267343,0.17428088,0.082064298,0.191201354,0.273265651,0.551607445,0.728070175,0.383495146,0.402061856,0.384955752,2548,5,0.5,53.2
Tari Eason,F,85.83,imputed,80,215,86,559,0.431127013,0.193202147,0.046511628,0.127012522,0.200357782,0.327370304,0.624329159,0.668049793,0.307692308,0.366197183,0.330357143,1420,2.5,0.25,53.2
Mark Williams,C,93.27,imputed,85,240,90.5,447,0.675615213,0.29082774,0.024608501,0.002237136,0.006711409,0.008948546,0.966442953,0.71192053,0.545454545,0,0,1171,4.1,0.41,53.4
Jett Howard,G,80.625,imputed,78,215,81,262,0.122137405,0.076335878,0.091603053,0.175572519,0.526717557,0.702290076,0.198473282,0.71875,0.5,0.369565217,0.275362319,701,2.7,0.27,53.5
Jamal Shead,G,82.34,measured,73,200,75,504,0.212301587,0.267857143,0.077380952,0.069444444,0.365079365,0.43452381,0.48015873,0.588785047,0.282051282,0.4,0.315217391,1467,8.5,0.85,53.6
Domantas Sabonis,F-C,95.17,imputed,82,240,83,893,0.531914894,0.221724524,0.071668533,0.008958567,0.165733483,0.174692049,0.753639418,0.694736842,0.453125,0.5,0.412162162,2429,7.4,0.74,54
Guerschon Yabusele,F,85.83,imputed,79,265,85,563,0.38365897,0.108348135,0.021314387,0.126110124,0.355239787,0.481349911,0.492007105,0.712962963,0.25,0.352112676,0.395,1895,4.3,0.43,54
Kyshawn George,F,78.42,measured,80,200,82.25,546,0.201465201,0.102564103,0.047619048,0.135531136,0.507326007,0.642857143,0.304029304,0.572727273,0.269230769,0.351351351,0.317689531,1802,4.8,0.48,54
Keldon Johnson,F-G,89.825,imputed,78,220,81.25,770,0.420779221,0.21038961,0.012987013,0.128571429,0.227272727,0.355844156,0.631168831,0.666666667,0.1,0.272727273,0.342857143,1838,3.1,0.31,54.1
Pat Connaughton,G,102.79,measured,77,209,80,177,0.384180791,0.124293785,0.033898305,0.11299435,0.344632768,0.457627119,0.508474576,0.632352941,0.666666667,0.2,0.360655738,603,6.6,0.66,54.1
Craig Porter Jr.,G,80.625,imputed,73,180,76,140,0.4,0.171428571,0.085714286,0.092857143,0.235714286,0.328571429,0.571428571,0.660714286,0.25,0.384615385,0.454545455,513,6.4,0.64,54.2
Ayo Dosunmu,G,74.42,measured,77,200,82.25,449,0.423162584,0.138084633,0.017817372,0.171492205,0.249443207,0.420935412,0.561247216,0.663157895,0.25,0.350649351,0.3125,1394,7.5,0.75,54.4
Haywood Highsmith,F,85.83,imputed,77,220,83.5,391,0.237851662,0.132992327,0.033248082,0.286445013,0.309462916,0.595907928,0.37084399,0.666666667,0.384615385,0.446428571,0.32231405,1818,4.5,0.45,54.7
Herbert Jones,F,80.92,measured,79,206,84.25,172,0.331395349,0.191860465,0.058139535,0.215116279,0.197674419,0.412790698,0.523255814,0.614035088,0.7,0.378378378,0.235294118,648,5.6,0.56,54.7
Jaylen Brown,G,84.81,imputed,78,223,83.75,1118,0.272808587,0.263864043,0.143112701,0.063506261,0.256708408,0.320214669,0.53667263,0.675409836,0.4,0.436619718,0.296167247,2158,5.3,0.53,54.7
Kevin Huerter,F-C,82.02,measured,79,198,79.5,604,0.167218543,0.139072848,0.046357616,0.158940397,0.486754967,0.645695364,0.306291391,0.732673267,0.392857143,0.40625,0.316326531,1679,4.7,0.47,54.8
Kenrich Williams,G,78.14,measured,78,210,79.25,354,0.290960452,0.138418079,0.087570621,0.129943503,0.353107345,0.483050847,0.429378531,0.689320388,0.322580645,0.413043478,0.376,1132,4.9,0.49,54.9
Jeff Dowtin Jr.,F,80.625,imputed,75,185,78,230,0.260869565,0.239130435,0.195652174,0.073913043,0.230434783,0.304347826,0.5,0.583333333,0.466666667,0.411764706,0.396226415,621,6.5,0.65,55
Julian Phillips,F,92.66,measured,80,198,83.5,287,0.358885017,0.101045296,0.006968641,0.358885017,0.174216028,0.533101045,0.459930314,0.611650485,0.5,0.398058252,0.18,1123,1.7,0.17,55
AJ Johnson,G,70.22,measured,77,160,80.5,213,0.370892019,0.183098592,0.023474178,0.056338028,0.356807512,0.41314554,0.55399061,0.569620253,0.2,0.416666667,0.25,639,5.9,0.59,55.1
Bruce Brown,G-F,85.2,measured,76,202,81,309,0.32038835,0.333333333,0.084142395,0.13592233,0.122977346,0.258899676,0.653721683,0.616161616,0.384615385,0.404761905,0.263157895,922,4.6,0.46,55.1
Dorian Finney-Smith,F,91.11,measured,79,220,83.75,435,0.206896552,0.064367816,0.006896552,0.287356322,0.432183908,0.71954023,0.271264368,0.611111111,0.666666667,0.432,0.39893617,1818,3,0.3,55.3
Keon Johnson,F,98.48,measured,77,185,79.25,779,0.283697047,0.14762516,0.053915276,0.15661104,0.355584082,0.512195122,0.431322208,0.542986425,0.428571429,0.319672131,0.314079422,1925,3.7,0.37,55.5
Ochai Agbaji,F-G,91.19,measured,77,215,82.25,534,0.413857678,0.082397004,0.029962547,0.269662921,0.20411985,0.473782772,0.496254682,0.656108597,0.375,0.409722222,0.385321101,1739,3,0.3,55.5
Richaun Holmes,G,101.26,measured,81,235,85.5,139,0.705035971,0.258992806,0.014388489,0.014388489,0.007194245,0.021582734,0.964028777,0.744897959,0,0,0,534,4.4,0.44,55.5
Micah Potter,C,93.27,imputed,82,240,86,135,0.185185185,0.081481481,0.007407407,0.42962963,0.296296296,0.725925926,0.266666667,0.76,1,0.327586207,0.3,705,2,0.2,55.9
Chet Holmgren,F,89.695,imputed,85,208,90,341,0.357771261,0.2228739,0.079178886,0.058651026,0.278592375,0.337243402,0.580645161,0.721311475,0.296296296,0.45,0.368421053,877,2.8,0.28,56
Anthony Gill,F,85.83,imputed,79,230,83,88,0.363636364,0.261363636,0.022727273,0.147727273,0.204545455,0.352272727,0.625,0.625,0,0.307692308,0.333333333,397,2.3,0.23,56.07222222
Anton Watson,F,85.83,imputed,80,225,84,9,0.444444444,0.333333333,0.111111111,0,0.111111111,0.111111111,0.777777778,0.75,1,0,0,0,0,0,56.07222222
Bobi Klintman,F,78.25,measured,81,225,83,10,0.2,0.2,0.1,0.2,0.3,0.5,0.4,1,1,0.5,0.333333333,0,0,0,56.07222222
Braxton Key,F,85.83,imputed,80,225,85,4,0.25,0.25,0.25,0,0.25,0.25,0.5,0,0,0,0,0,0,0,56.07222222
Christian Koloko,F,83.99,measured,84,225,89.25,66,0.742424242,0.151515152,0.045454545,0.03030303,0.03030303,0.060606061,0.893939394,0.714285714,0.666666667,0,0,342,3,0.3,56.07222222
DaRon Holmes II,F,87.225,measured,81,236,85,0,0,0,0,0,0,0,0,0,0,0,0,0,0,0,56.07222222
Daeqwon Plowden,F,84.81,imputed,78,215,83,25,0.28,0.04,0,0.28,0.4,0.68,0.32,0.857142857,0,0.428571429,0.6,0,0,0,56.07222222
David Roddy,F,92.98,measured,77,255,83.5,125,0.256,0.256,0,0.136,0.352,0.488,0.512,0.65625,0,0.411764706,0.272727273,410,4.2,0.42,56.07222222
Dominick Barlow,F,85.09,measured,81,215,87,113,0.469026549,0.203539823,0.088495575,0.194690265,0.044247788,0.238938053,0.672566372,0.716981132,0.4,0.181818182,0.6,375,3.5,0.35,56.07222222
Doug McDermott,F,84.32,measured,78,225,81.25,117,0.068376068,0.025641026,0.042735043,0.239316239,0.623931624,0.863247863,0.094017094,0.5,0.2,0.464285714,0.424657534,342,0.7,0.07,56.07222222
Drew Peterson,F,85.83,imputed,81,200,82,41,0.12195122,0.048780488,0.024390244,0.243902439,0.56097561,0.804878049,0.170731707,0.4,1,0.3,0.434782609,186,4.4,0.44,56.07222222
Drew Timme,F,83.39,measured,82,235,86,102,0.352941176,0.264705882,0.039215686,0.058823529,0.274509804,0.333333333,0.617647059,0.583333333,0.25,0.333333333,0.25,254,3.2,0.32,56.07222222
E.J. Liddell,F,108.61,measured,78,240,83.75,15,0.133333333,0.2,0,0,0.666666667,0.666666667,0.333333333,1,0,0,0.3,0,0,0,56.07222222
Emanuel Miller,F,85.83,imputed,79,215,83,8,0.75,0.125,0,0,0.125,0.125,0.875,0.5,0,0,0,0,0,0,56.07222222
Emoni Bates,F,70.19,measured,81,202,81,38,0.105263158,0,0.105263158,0.078947368,0.710526316,0.789473684,0.105263158,0.5,0,0.666666667,0.333333333,0,0,0,56.07222222
Enrique Freeman,F,86.65,measured,79,212,85,37,0.594594595,0.135135135,0,0.216216216,0.054054054,0.27027027,0.72972973,0.636363636,0,0.125,0,181,2.8,0.28,56.07222222
Grant Williams,F,84.77,measured,78,236,81.75,123,0.195121951,0.12195122,0.081300813,0.130081301,0.471544715,0.601626016,0.317073171,0.708333333,0.4,0.3125,0.379310345,479,3.9,0.39,56.07222222
Harrison Ingram,F,90.475,measured,77,230,84.25,4,0.25,0.25,0.25,0,0.25,0.25,0.5,1,0,0,0,0,0,0,56.07222222
Hunter Tyson,F,85.83,imputed,80,215,82,120,0.216666667,0.108333333,0.058333333,0.191666667,0.425,0.616666667,0.325,0.653846154,0.428571429,0.260869565,0.333333333,400,2.5,0.25,56.07222222
Isaac Jones,F,90.38,measured,81,235,86,83,0.554216867,0.337349398,0.012048193,0.072289157,0.024096386,0.096385542,0.891566265,0.760869565,0,0.5,0,304,0.9,0.09,56.07222222
Isaiah Crawford,F,85.83,imputed,78,210,82,11,0.181818182,0.363636364,0,0.090909091,0.363636364,0.454545455,0.545454545,0.5,0,1,0,0,0,0,56.07222222
Isaiah Jackson,F,85.83,imputed,80,205,86.25,23,0.913043478,0.086956522,0,0,0,0,1,0.619047619,0,0,0,0,0,0,56.07222222
JT Thor,F,85.83,measured,81,203,87.25,59,0.288135593,0.186440678,0.169491525,0.186440678,0.169491525,0.355932203,0.474576271,0.705882353,0.4,0.090909091,0.5,0,0,0,56.07222222
Jacob Toppin,F,85.83,imputed,80,205,81,22,0.409090909,0.090909091,0.045454545,0.272727273,0.181818182,0.454545455,0.5,0.222222222,0,0.666666667,0.25,0,0,0,56.07222222
Jamaree Bouyea,F,80.625,imputed,74,180,77,12,0.333333333,0.25,0,0,0.416666667,0.416666667,0.583333333,0.75,0,0,0.2,0,0,0,56.07222222
James Johnson,F,100.89,measured,79,240,84,11,0.363636364,0.090909091,0.272727273,0,0.272727273,0.272727273,0.454545455,0.75,0,0,0,0,0,0,56.07222222
Jared Rhoden,F,80.625,imputed,78,210,83,87,0.471264368,0.057471264,0.022988506,0.206896552,0.24137931,0.448275862,0.528735632,0.682926829,0,0.444444444,0.19047619,227,3.2,0.32,56.07222222
Jaylen Martin,F,80.625,imputed,78,216,83,74,0.364864865,0.256756757,0.067567568,0.094594595,0.216216216,0.310810811,0.621621622,0.703703704,0.2,0.142857143,0.375,239,3.5,0.35,56.07222222
Jeff Green,F,98.54,measured,80,235,85.25,121,0.140495868,0.107438017,0.099173554,0.355371901,0.297520661,0.652892562,0.247933884,0.764705882,0.833333333,0.372093023,0.361111111,396,3.2,0.32,56.07222222
Jevon Carter,F,78.92,measured,73,200,76.25,146,0.102739726,0.089041096,0.089041096,0.171232877,0.547945205,0.719178082,0.191780822,0.533333333,0.461538462,0.4,0.3125,321,5.4,0.54,56.07222222
Justin Minaya,F,85.83,imputed,78,205,84,21,0.380952381,0.142857143,0,0.142857143,0.333333333,0.476190476,0.523809524,0.5,0,0.333333333,0.142857143,0,0,0,56.07222222
Keshad Johnson,F,92.79,measured,79,225,82,26,0.692307692,0.038461538,0,0.038461538,0.230769231,0.269230769,0.730769231,0.833333333,0,0,0.5,0,0,0,56.07222222
Kevin McCullar Jr.,F,80.625,imputed,78,210,81,7,0.285714286,0.428571429,0.142857143,0,0.142857143,0.142857143,0.714285714,1,0,0,0,0,0,0,56.07222222
Kobe Brown,F,94.3,measured,79,250,85,72,0.444444444,0.194444444,0,0.083333333,0.277777778,0.361111111,0.638888889,0.625,0,0.5,0.15,272,5.3,0.53,56.07222222
Leonard Miller,F,87.71,measured,82,220,86,15,0.466666667,0.133333333,0.066666667,0,0.333333333,0.333333333,0.6,0.714285714,0,0,0,0,0,0,56.07222222
Luke Travers,F,85.83,imputed,80,210,82,20,0.55,0,0,0.25,0.2,0.45,0.55,0.454545455,0,0,0,0,0,0,56.07222222
Malaki Branham,F,78.43,measured,76,180,82,190,0.221052632,0.205263158,0.131578947,0.089473684,0.352631579,0.442105263,0.426315789,0.761904762,0.32,0.470588235,0.388059701,427,3.2,0.32,56.07222222
Markieff Morris,F,85.83,imputed,81,245,82.75,70,0.114285714,0.142857143,0.228571429,0.157142857,0.342857143,0.5,0.257142857,0.125,0.3125,0.090909091,0.333333333,165,6.5,0.65,56.07222222
Marvin Bagley III,F,85.83,imputed,82,235,84,106,0.556603774,0.216981132,0.047169811,0.056603774,0.122641509,0.179245283,0.773584906,0.711864407,0.4,0.166666667,0.153846154,265,1.5,0.15,56.07222222
Maxwell Lewis,F,89.37,measured,79,215,84,108,0.277777778,0.194444444,0.064814815,0.185185185,0.277777778,0.462962963,0.472222222,0.633333333,0.142857143,0.35,0.4,327,2.7,0.27,56.07222222
Miles Norris,F,85.83,imputed,80,220,86,9,0.111111111,0.111111111,0,0,0.777777778,0.777777778,0.222222222,0,0,0,0.285714286,0,0,0,56.07222222
N'Faly Dante,F,92.72,measured,83,255,89,13,0.692307692,0.230769231,0.076923077,0,0,0,0.923076923,0.777777778,0,0,0,0,0,0,56.07222222
Nae'Qwan Tomlin,F,78.35,measured,82,210,84,32,0.53125,0.15625,0,0.03125,0.28125,0.3125,0.6875,0.529411765,0,0,0.222222222,0,0,0,56.07222222
Ousmane Dieng,F,85.83,imputed,81,185,84,125,0.232,0.144,0.056,0.176,0.392,0.568,0.376,0.655172414,0.428571429,0.318181818,0.326530612,405,4.3,0.43,56.07222222
P.J. Tucker,F,85.83,imputed,77,245,83.5,7,0,0,0.142857143,0.714285714,0.142857143,0.857142857,0,0,0,0.6,0,0,0,0,56.07222222
PJ Hall,F,100.14,measured,82,240,84,24,0.458333333,0.166666667,0.041666667,0,0.333333333,0.333333333,0.625,0.727272727,1,0,0.25,0,0,0,56.07222222
Pacome Dadiet,F,85.07,measured,81,210,81,31,0.129032258,0.096774194,0.161290323,0.258064516,0.35483871,0.612903226,0.225806452,0.5,0.4,0.125,0.454545455,0,0,0,56.07222222
Pat Spencer,F,80.625,imputed,75,205,78,101,0.306930693,0.376237624,0.099009901,0.02970297,0.188118812,0.217821782,0.683168317,0.483870968,0.5,0.333333333,0.210526316,250,7.9,0.79,56.07222222
Patrick Baldwin Jr.,F,76.41,measured,84,220,85.75,35,0.285714286,0.057142857,0,0.114285714,0.542857143,0.657142857,0.342857143,0.6,0,0.75,0.526315789,0,0,0,56.07222222
Patty Mills,F,70.11,measured,74,180,74,96,0.052083333,0.072916667,0.09375,0.125,0.65625,0.78125,0.125,0.6,0.444444444,0.5,0.317460317,321,3.3,0.33,56.07222222
Ronald Holland II,F,85.83,imputed,80,206,82.75,416,0.379807692,0.211538462,0.045673077,0.180288462,0.175480769,0.355769231,0.591346154,0.664556962,0.368421053,0.2,0.287671233,1266,2.5,0.25,56.07222222
Spencer Jones,F,85.83,imputed,79,220,82,34,0.205882353,0.235294118,0.058823529,0.323529412,0.176470588,0.5,0.441176471,0.571428571,0.5,0,0.166666667,125,1.4,0.14,56.07222222
Taj Gibson,F,76.7,measured,81,232,88,95,0.631578947,0.273684211,0.073684211,0.021052632,0,0.021052632,0.905263158,0.55,0.285714286,0.5,0,409,1.6,0.16,56.07222222
Taylor Hendricks,F,91.48,measured,81,215,84.5,18,0.111111111,0.166666667,0.055555556,0.388888889,0.277777778,0.666666667,0.277777778,0.5,0,0.428571429,0,0,0,0,56.07222222
Tolu Smith,F,85.83,imputed,83,245,86,9,1,0,0,0,0,0,1,0.666666667,0,0,0,0,0,0,56.07222222
Torrey Craig,F,85.83,imputed,79,221,84,90,0.166666667,0.088888889,0.011111111,0.322222222,0.411111111,0.733333333,0.255555556,0.666666667,0,0.310344828,0.405405405,314,3.4,0.34,56.07222222
Trentyn Flowers,F,91.42,measured,81,200,83,11,0.454545455,0.272727273,0.090909091,0.090909091,0.090909091,0.181818182,0.727272727,0.4,0,0,0,0,0,0,56.07222222
Tristan Thompson,F,90.45,measured,81,254,85,71,0.521126761,0.408450704,0.028169014,0.014084507,0.028169014,0.042253521,0.929577465,0.567567568,0,0,0,328,4.2,0.42,56.07222222
Tyler Kolek,F,75.1,measured,74,195,74.75,82,0.182926829,0.207317073,0.036585366,0.134146341,0.426829268,0.56097561,0.390243902,0.4,0.666666667,0.363636364,0.285714286,296,9.8,0.98,56.07222222
Xavier Tillman,F,85.83,imputed,79,245,86,53,0.188679245,0.188679245,0.018867925,0.245283019,0.358490566,0.603773585,0.377358491,0.7,1,0.076923077,0.210526316,0,0,0,56.07222222
DaQuan Jeffries,F,84.81,imputed,77,230,84,291,0.254295533,0.140893471,0.041237113,0.274914089,0.285223368,0.560137457,0.395189003,0.527027027,0.583333333,0.3875,0.289156627,1071,2.5,0.25,56.4
Daniss Jenkins,G-F,80.625,imputed,75,185,79,10,0.3,0,0,0.2,0.5,0.7,0.3,0.666666667,0,0,0.2,0,0,0,56.51612903
Dario Saric,G-F,95.17,imputed,82,225,82,58,0.344827586,0.155172414,0.051724138,0.068965517,0.379310345,0.448275862,0.5,0.55,0.333333333,0.5,0.227272727,210,5.5,0.55,56.51612903
Kevin Love,G-F,97.69,measured,82,251,83.25,115,0.234782609,0.12173913,0.060869565,0.12173913,0.452173913,0.573913043,0.356521739,0.407407407,0.285714286,0.357142857,0.365384615,251,4,0.4,56.51612903
Lonnie Walker IV,G-F,84.81,imputed,76,204,82.5,212,0.183962264,0.122641509,0.094339623,0.089622642,0.495283019,0.58490566,0.306603774,0.615384615,0.4,0.315789474,0.371428571,477,4.6,0.46,56.51612903
Matisse Thybulle,G-F,84.81,imputed,77,202,83.5,88,0.215909091,0.215909091,0.022727273,0.295454545,0.25,0.545454545,0.431818182,0.684210526,0,0.423076923,0.454545455,312,5.4,0.54,56.51612903
Ron Harper Jr.,G-F,84.81,measured,78,240,85,8,0.125,0.125,0,0.375,0.375,0.75,0.25,0,0,0,0,0,0,0,56.51612903
Saddiq Bey,G-F,84.81,imputed,79,215,83,0,0,0,0,0,0,0,0,0,0,0,0,0,0,0,56.51612903
Seth Lundy,G-F,89.67,measured,78,220,82,0,0,0,0,0,0,0,0,0,0,0,0,0,0,0,56.51612903
Terrence Shannon Jr.,G-F,90.92,measured,78,215,80.75,114,0.421052632,0.236842105,0.070175439,0.184210526,0.087719298,0.271929825,0.657894737,0.6875,0.125,0.380952381,0.3,339,4.9,0.49,56.51612903
Gabe Vincent,G-F,80.625,imputed,74,200,78,420,0.1,0.095238095,0.069047619,0.266666667,0.466666667,0.733333333,0.195238095,0.642857143,0.517241379,0.392857143,0.331632653,1527,4.1,0.41,56.6
Jaden Hardy,G,80.625,imputed,75,198,81,414,0.188405797,0.214975845,0.120772947,0.118357488,0.355072464,0.473429952,0.403381643,0.564102564,0.32,0.387755102,0.387755102,907,2.7,0.27,56.8
Cory Joseph,G,73.18,measured,74,200,77.5,154,0.12987013,0.097402597,0.077922078,0.162337662,0.525974026,0.688311688,0.227272727,0.5,0.5,0.36,0.37037037,612,7.3,0.73,56.9
Jonas Valanciunas,F,93.27,imputed,83,265,89,627,0.414673046,0.3476874,0.178628389,0.004784689,0.054226475,0.059011164,0.762360447,0.680769231,0.419642857,0,0.235294118,1524,4.2,0.42,57
Cason Wallace,C-F,76.66,measured,75,195,80.5,489,0.329243354,0.198364008,0.047034765,0.196319018,0.229038855,0.425357873,0.527607362,0.658385093,0.304347826,0.333333333,0.375,1876,5.5,0.55,57.1
Marcus Smart,F,97.21,measured,75,220,81.25,257,0.101167315,0.299610895,0.050583658,0.155642023,0.381322957,0.536964981,0.40077821,0.653846154,0.615384615,0.325,0.367346939,680,6.3,0.63,57.1
Scoot Henderson,G,80.625,imputed,75,207,81,685,0.300729927,0.172262774,0.093430657,0.065693431,0.362043796,0.427737226,0.472992701,0.553398058,0.375,0.4,0.346774194,1759,6.9,0.69,57.1
Shaedon Sharpe,G,80.625,imputed,77,210,83.5,1104,0.266304348,0.148550725,0.157608696,0.076086957,0.347826087,0.423913043,0.414855072,0.710884354,0.459770115,0.357142857,0.3046875,2252,3.2,0.32,57.1
Jaden McDaniels,F,85.83,imputed,81,185,83,834,0.298561151,0.241007194,0.097122302,0.195443645,0.164268585,0.35971223,0.539568345,0.706827309,0.419753086,0.319018405,0.350364964,2614,3.4,0.34,57.3
Tre Jones,G,80.625,imputed,73,185,76,238,0.445378151,0.298319328,0.054621849,0.100840336,0.100840336,0.201680672,0.743697479,0.679245283,0.384615385,0.458333333,0.333333333,905,9.7,0.97,57.3
Kyle Lowry,G,80.625,imputed,72,196,74,117,0.051282051,0.11965812,0.076923077,0.170940171,0.564102564,0.735042735,0.170940171,0.666666667,0.333333333,0.35,0.333333333,659,9.1,0.91,57.4
CJ McCollum,G,85.05,measured,75,190,78.25,1000,0.187,0.219,0.135,0.068,0.391,0.459,0.406,0.620320856,0.414814815,0.352941176,0.375959079,1832,4.9,0.49,57.6
Dejounte Murray,G,80.625,imputed,76,180,82,494,0.222672065,0.218623482,0.206477733,0.058704453,0.293522267,0.352226721,0.441295547,0.554545455,0.392156863,0.344827586,0.289655172,1012,7.4,0.74,57.6
Shake Milton,G,84.07,measured,77,205,84.75,254,0.216535433,0.287401575,0.078740157,0.141732283,0.271653543,0.413385827,0.503937008,0.618181818,0.45,0.333333333,0.376811594,837,6.5,0.65,57.6
Jordan Goodwin,G,80.625,imputed,75,200,80,144,0.1875,0.256944444,0.083333333,0.229166667,0.243055556,0.472222222,0.444444444,0.518518519,0.416666667,0.393939394,0.371428571,543,3.8,0.38,57.8
Kelly Olynyk,G-F,79.57,measured,84,240,81.75,268,0.410447761,0.197761194,0.097014925,0.037313433,0.257462687,0.294776119,0.608208955,0.636363636,0.307692308,0.6,0.391304348,891,6.5,0.65,57.9
Jaden Ivey,F,80.625,imputed,75,195,81,413,0.317191283,0.213075061,0.0968523,0.079903148,0.285714286,0.365617433,0.530266344,0.595419847,0.35,0.363636364,0.43220339,898,4.7,0.47,58.1
Brandin Podziemski,G,86.22,measured,76,205,77.5,629,0.160572337,0.220985692,0.12718601,0.087440382,0.39745628,0.484896661,0.381558029,0.663366337,0.4125,0.4,0.372,1716,6.5,0.65,58.3
Josh Giddey,G,80.625,imputed,80,216,79.5,798,0.319548872,0.259398496,0.072681704,0.098997494,0.248120301,0.347117794,0.578947368,0.576470588,0.327586207,0.392405063,0.368686869,2117,8.7,0.87,58.3
Ajay Mitchell,G,77.21,measured,77,190,78.25,184,0.293478261,0.304347826,0.076086957,0.097826087,0.222826087,0.320652174,0.597826087,0.62962963,0.428571429,0.388888889,0.390243902,597,5.7,0.57,58.6
Deni Avdija,F,85.83,imputed,81,228,80.5,844,0.387440758,0.171800948,0.035545024,0.08056872,0.323459716,0.404028436,0.559241706,0.651376147,0.4,0.308823529,0.380952381,2161,5.3,0.53,58.7
Jalen Pickett,G,78.36,measured,74,202,79.25,180,0.122222222,0.155555556,0.161111111,0.211111111,0.344444444,0.555555556,0.277777778,0.727272727,0.275862069,0.447368421,0.370967742,666,8.6,0.86,58.7
Jaylen Clark,F,80.625,imputed,77,205,81,120,0.358333333,0.183333333,0.033333333,0.241666667,0.166666667,0.408333333,0.541666667,0.511627907,0.25,0.413793103,0.5,522,3.6,0.36,58.7
Lindy Waters III,F,85.83,imputed,78,210,81,249,0.092369478,0.080321285,0.080321285,0.232931727,0.514056225,0.746987952,0.172690763,0.565217391,0.35,0.327586207,0.3515625,778,3.9,0.39,58.7
Andrew Wiggins,F,85.83,imputed,78,197,84,839,0.231227652,0.241954708,0.112038141,0.071513707,0.343265793,0.414779499,0.47318236,0.577319588,0.414893617,0.416666667,0.364583333,1842,3.8,0.38,58.8
Cam Whitmore,F,96.44,measured,78,230,80.5,403,0.302729529,0.163771712,0.079404467,0.104218362,0.349875931,0.454094293,0.466501241,0.631147541,0.4375,0.404761905,0.340425532,827,2.2,0.22,59.2
Ja'Kobe Walter,G-F,82.23,measured,76,180,82,393,0.282442748,0.167938931,0.076335878,0.147582697,0.320610687,0.468193384,0.450381679,0.477477477,0.433333333,0.327586207,0.365079365,1103,3,0.3,59.2
Spencer Dinwiddie,G,80.625,imputed,77,215,80.25,682,0.17888563,0.244868035,0.098240469,0.092375367,0.385630499,0.478005865,0.423753666,0.581967213,0.402985075,0.412698413,0.315589354,2136,7.6,0.76,59.2
Julius Randle,F-C,94.81,measured,81,250,84,939,0.313099042,0.272630458,0.079872204,0.078807242,0.254526092,0.333333333,0.585729499,0.700680272,0.44,0.297297297,0.359832636,2226,6,0.6,59.3
Jeremiah Robinson-Earl,F,87.74,measured,81,240,81.75,347,0.340057637,0.11815562,0.069164265,0.265129683,0.207492795,0.472622478,0.458213256,0.644067797,0.416666667,0.434782609,0.222222222,1239,4,0.4,59.4
Landry Shamet,G,80.41,measured,77,190,78.75,230,0.152173913,0.07826087,0.091304348,0.27826087,0.395652174,0.673913043,0.230434783,0.685714286,0.476190476,0.453125,0.362637363,762,1.5,0.15,59.4
Sandro Mamukelashvili,F-C,95.43,measured,81,240,85.25,281,0.298932384,0.103202847,0.024911032,0.12455516,0.444839858,0.569395018,0.402135231,0.761904762,0.571428571,0.285714286,0.4,681,3.6,0.36,59.4
Bub Carrington,G,80.625,imputed,76,190,80,748,0.122994652,0.14171123,0.191176471,0.084224599,0.45855615,0.542780749,0.264705882,0.532608696,0.475524476,0.333333333,0.341107872,2458,7.4,0.74,59.5
Jalen Williams,F,92.12,measured,77,211,86.25,1168,0.251712329,0.278253425,0.178938356,0.029965753,0.261130137,0.29109589,0.529965753,0.663265306,0.459330144,0.371428571,0.363934426,2237,6.4,0.64,59.5
Reed Sheppard,F,80.96,measured,74,185,75.25,239,0.10041841,0.158995816,0.146443515,0.10041841,0.493723849,0.594142259,0.259414226,0.625,0.314285714,0.25,0.355932203,654,4.9,0.49,59.7
Alex Caruso,G,80.625,imputed,77,186,78,314,0.347133758,0.079617834,0.031847134,0.200636943,0.340764331,0.541401274,0.426751592,0.642201835,0.2,0.412698413,0.317757009,1041,7,0.7,59.9
Rui Hachimura,F,85.83,imputed,80,230,86,576,0.326388889,0.168402778,0.076388889,0.190972222,0.237847222,0.428819444,0.494791667,0.712765957,0.454545455,0.445454545,0.386861314,1869,2.6,0.26,59.9
A.J. Lawson,G,80.625,imputed,78,179,82,190,0.363157895,0.089473684,0.015789474,0.189473684,0.342105263,0.531578947,0.452631579,0.565217391,0.333333333,0.305555556,0.338461538,486,3,0.3,59.91
Adam Flagler,G,81.44,measured,75,185,78,96,0.0625,0.083333333,0.104166667,0.09375,0.65625,0.75,0.145833333,0.666666667,0.5,0,0.222222222,203,2.8,0.28,59.91
Alex Ducas,G,80.625,imputed,78,220,81,30,0.133333333,0.1,0.066666667,0.3,0.4,0.7,0.233333333,0.25,0.5,0.555555556,0.416666667,125,1.8,0.18,59.91
Baylor Scheierman,G,77.36,measured,78,205,80.25,110,0.109090909,0.090909091,0.054545455,0.227272727,0.518181818,0.745454545,0.2,0.666666667,0.5,0.32,0.315789474,384,5.4,0.54,59.91
Bones Hyland,G,80.625,imputed,74,169,81.5,118,0.127118644,0.06779661,0.110169492,0.06779661,0.618644068,0.686440678,0.194915254,0.533333333,0.384615385,0.5,0.383561644,239,4.1,0.41,59.91
Brandon Boston,G,80.625,imputed,78,188,82.75,381,0.270341207,0.157480315,0.204724409,0.083989501,0.283464567,0.367454068,0.427821522,0.621359223,0.461538462,0.3125,0.361111111,0,0,0,59.91
Brandon Williams,G,80.625,imputed,74,190,79,188,0.425531915,0.175531915,0.079787234,0.069148936,0.239361702,0.308510638,0.60106383,0.6375,0.533333333,0.461538462,0.4,487,6,0.6,59.91
Bronny James,G,89.5,measured,75,210,79.25,67,0.104477612,0.313432836,0.104477612,0.119402985,0.358208955,0.47761194,0.417910448,0.714285714,0.285714286,0.25,0.291666667,181,4.6,0.46,59.91
Bryce McGowens,G,75.29,measured,78,190,80.75,14,0.142857143,0.5,0.071428571,0.071428571,0.214285714,0.285714286,0.642857143,1,0,0,0,0,0,0,59.91
Cam Christie,G,83.77,measured,77,190,80,24,0.333333333,0.083333333,0.041666667,0.125,0.416666667,0.541666667,0.416666667,0.5,0,0,0.2,0,0,0,59.91
Cam Spencer,G,68.48,measured,76,205,77,82,0.109756098,0.146341463,0.109756098,0.073170732,0.56097561,0.634146341,0.256097561,0.666666667,0.333333333,0.333333333,0.369565217,252,7.5,0.75,59.91
Chris Livingston,G,89.05,measured,78,208,83,27,0.518518519,0.185185185,0,0.111111111,0.185185185,0.296296296,0.703703704,0.571428571,0,0,0,0,0,0,59.91
Chuma Okeke,G,85.83,imputed,79,229,84,40,0.3,0,0,0.325,0.375,0.7,0.3,0.75,0,0.461538462,0.333333333,196,6.8,0.68,59.91
Collin Gillespie,G,73.94,measured,73,195,76,158,0.158227848,0.202531646,0.069620253,0.132911392,0.424050633,0.556962025,0.360759494,0.48,0.454545455,0.523809524,0.417910448,461,8.2,0.82,59.91
Damion Lee,G,84.81,imputed,77,210,80,74,0.108108108,0.297297297,0.094594595,0.175675676,0.324324324,0.5,0.405405405,0.625,0.142857143,0.307692308,0.208333333,144,2.6,0.26,59.91
Dariq Whitehead,G,84.81,imputed,78,220,82.25,96,0.104166667,0.083333333,0.03125,0.208333333,0.572916667,0.78125,0.1875,0.2,0,0.45,0.436363636,246,1.3,0.13,59.91
David Duke Jr.,G,83.21,measured,76,207,80,14,0.357142857,0.142857143,0.071428571,0.357142857,0.071428571,0.428571429,0.5,0.6,0,0.6,0,0,0,0,59.91
Devin Carter,G,89.51,measured,74,195,80.75,127,0.220472441,0.25984252,0.039370079,0.125984252,0.354330709,0.480314961,0.480314961,0.607142857,0.4,0.3125,0.288888889,396,5.3,0.53,59.91
Dru Smith,G,80.625,imputed,75,203,80,61,0.229508197,0.245901639,0.032786885,0.180327869,0.31147541,0.491803279,0.475409836,0.714285714,0,0.636363636,0.473684211,268,4.6,0.46,59.91
Elijah Harkless,G,80.625,imputed,78,195,82,35,0.114285714,0.142857143,0.028571429,0.228571429,0.485714286,0.714285714,0.257142857,0.75,0,0.375,0.235294118,138,3.9,0.39,59.91
Ethan Thompson,G,80.625,imputed,77,195,79,0,0,0,0,0,0,0,0,0,0,0,0,0,0,0,59.91
GG Jackson,G,88.55,measured,81,210,83.5,199,0.286432161,0.211055276,0.025125628,0.135678392,0.341708543,0.477386935,0.497487437,0.473684211,0.6,0.296296296,0.352941176,459,2,0.2,59.91
Garrett Temple,G,84.81,imputed,77,195,82,60,0.283333333,0.133333333,0.116666667,0.15,0.316666667,0.466666667,0.416666667,0.529411765,0.142857143,0.222222222,0.210526316,227,7.7,0.77,59.91
Isaiah Stevens,G,80.625,imputed,72,185,75,2,0,0.5,0,0,0.5,0.5,0.5,0,0,0,0,0,0,0,59.91
JD Davison,G,79.58,measured,73,195,78.5,34,0.176470588,0.176470588,0.117647059,0.088235294,0.441176471,0.529411765,0.352941176,0.666666667,0,0.333333333,0.2,0,0,0,59.91
Jack McVeigh,G,84.81,imputed,80,215,81,17,0.058823529,0.058823529,0.117647059,0.352941176,0.411764706,0.764705882,0.117647059,0,0.5,0.5,0.142857143,0,0,0,59.91
Jackson Rowe,G,85.83,imputed,79,210,82,17,0.235294118,0.176470588,0,0.235294118,0.352941176,0.588235294,0.411764706,0.75,0,0.5,0.166666667,0,0,0,59.91
Jaden Springer,G,91.75,measured,76,202,79.75,90,0.2,0.244444444,0.022222222,0.255555556,0.266666667,0.522222222,0.444444444,0.777777778,0.5,0.173913043,0.333333333,365,5,0.5,59.91
Jae Crowder,G,97.1,measured,78,235,81.25,22,0.045454545,0.136363636,0.136363636,0.363636364,0.318181818,0.681818182,0.181818182,1,0.666666667,0.25,0.285714286,0,0,0,59.91
Jalen Hood-Schifino,G,80.625,imputed,77,210,82.25,98,0.142857143,0.173469388,0.214285714,0.06122449,0.408163265,0.469387755,0.316326531,0.357142857,0.476190476,0.5,0.275,315,5.5,0.55,59.91
Jaylon Tyson,G,86.53,measured,78,215,80,149,0.342281879,0.208053691,0.060402685,0.181208054,0.208053691,0.389261745,0.55033557,0.549019608,0.333333333,0.333333333,0.35483871,453,4.6,0.46,59.91
Jesse Edwards,G,94.12,measured,84,230,89,0,0,0,0,0,0,0,0,0,0,0,0,0,0,0,59.91
Johnny Furphy,G,70.04,measured,80,200,80,92,0.336956522,0.097826087,0.02173913,0.239130435,0.304347826,0.543478261,0.434782609,0.548387097,0,0.363636364,0.25,379,2.9,0.29,59.91
Jordan McLaughlin,G,80.625,imputed,71,185,76.5,72,0.138888889,0.138888889,0.083333333,0.180555556,0.444444444,0.625,0.277777778,0.6,0.5,0.230769231,0.5,314,8.4,0.84,59.91
Jordan Miller,G,83.17,measured,77,194,83.75,134,0.432835821,0.246268657,0.037313433,0.097014925,0.186567164,0.28358209,0.679104478,0.568965517,0.2,0.153846154,0.24,420,3.6,0.36,59.91
Jordan Walsh,G,89.27,measured,78,205,85.75,83,0.21686747,0.120481928,0,0.289156627,0.373493976,0.662650602,0.337349398,0.666666667,0,0.25,0.290322581,403,2.5,0.25,59.91
Josh Christopher,G,85.56,measured,76,215,81.25,31,0.419354839,0.193548387,0.032258065,0.064516129,0.290322581,0.35483871,0.612903226,0.538461538,0,0,0.222222222,0,0,0,59.91
Josh Minott,G,85.83,imputed,80,205,83.75,90,0.433333333,0.077777778,0.011111111,0.288888889,0.188888889,0.477777778,0.511111111,0.641025641,0,0.346153846,0.294117647,276,3.5,0.35,59.91
Kevin Knox II,G,85.83,imputed,79,215,83,36,0.277777778,0.222222222,0.083333333,0.166666667,0.25,0.416666667,0.5,0.7,0.333333333,0.166666667,0.333333333,0,0,0,59.91
Kobe Bufkin,G,76.07,measured,76,195,79.75,47,0.29787234,0.212765957,0.085106383,0.127659574,0.255319149,0.382978723,0.510638298,0.5,0.25,0.166666667,0.25,124,5.8,0.58,59.91
Lamar Stevens,G,102.01,measured,79,230,81,63,0.301587302,0.206349206,0.063492063,0.158730159,0.253968254,0.412698413,0.507936508,0.526315789,0.75,0.2,0.375,155,1.3,0.13,59.91
Lester Quinones,G,80.625,imputed,77,208,79,78,0.256410256,0.115384615,0.064102564,0.08974359,0.474358974,0.564102564,0.371794872,0.75,0,0.285714286,0.297297297,183,5.5,0.55,59.91
Mac McClung,G,80.625,imputed,74,185,74,2,0,0.5,0,0,0.5,0.5,0.5,0,0,0,0,0,0,0,59.91
MarJon Beauchamp,G,85.83,imputed,79,199,84.75,65,0.230769231,0.123076923,0.2,0.153846154,0.292307692,0.446153846,0.353846154,0.733333333,0.307692308,0.3,0.368421053,156,1.5,0.15,59.91
Markelle Fultz,G,80.625,imputed,76,209,81,67,0.074626866,0.507462687,0.298507463,0.089552239,0.029850746,0.119402985,0.582089552,0.8,0.25,0.5,0.5,184,5.9,0.59,59.91
Mason Jones,G,71.85,measured,76,200,79,18,0.166666667,0.388888889,0,0.055555556,0.388888889,0.444444444,0.555555556,1,0,0,0.142857143,0,0,0,59.91
Nikola Topic,G,80.625,imputed,79,203,80,0,0,0,0,0,0,0,0,0,0,0,0,0,0,0,59.91
Paul Reed,G,85.83,imputed,81,210,85.5,142,0.457746479,0.211267606,0.133802817,0.035211268,0.161971831,0.197183099,0.669014085,0.692307692,0.473684211,0.2,0.304347826,438,4.9,0.49,59.91
Pete Nance,G,85.83,imputed,83,230,86,32,0.15625,0.03125,0.0625,0.0625,0.65625,0.71875,0.1875,0.8,0.5,0.5,0.380952381,138,5.3,0.53,59.91
Quenton Jackson,G,80.625,imputed,77,185,80,122,0.524590164,0.090163934,0.057377049,0.106557377,0.221311475,0.327868852,0.614754098,0.578125,0.142857143,0.307692308,0.407407407,381,6.9,0.69,59.91
RayJ Dennis,G,80.625,imputed,74,185,76,33,0.060606061,0.242424242,0.060606061,0.090909091,0.515151515,0.606060606,0.303030303,1,1,0,0.352941176,0,0,0,59.91
Rayan Rupert,G,74.99,measured,78,193,87,142,0.309859155,0.23943662,0.035211268,0.161971831,0.253521127,0.415492958,0.549295775,0.568181818,0.8,0.391304348,0.194444444,460,1.2,0.12,59.91
Reece Beekman,G,80.54,measured,75,185,80,107,0.355140187,0.224299065,0.046728972,0.14953271,0.224299065,0.373831776,0.579439252,0.552631579,0.2,0.25,0.125,469,7.8,0.78,59.91
Sidy Cissoko,G,90.48,measured,78,220,81.75,30,0.266666667,0.266666667,0.033333333,0.166666667,0.266666667,0.433333333,0.533333333,0.75,0,0.4,0.125,0,0,0,59.91
Stanley Umude,G,80.625,imputed,78,210,82,26,0.115384615,0.192307692,0.115384615,0.384615385,0.192307692,0.576923077,0.307692308,0.666666667,0,0.2,0.2,0,0,0,59.91
Taran Armstrong,G,80.625,imputed,78,195,80,0,0,0,0,0,0,0,0,0,0,0,0,0,0,0,59.91
Terence Davis,G,78.72,measured,76,201,81,2,0,0,0.5,0,0.5,0.5,0,0,0,0,0,0,0,0,59.91
Tre Mann,G,80.625,imputed,75,178,76,161,0.322981366,0.198757764,0.105590062,0.093167702,0.279503106,0.372670807,0.52173913,0.442307692,0.411764706,0.4,0.4,319,4.2,0.42,59.91
Trevelin Queen,G,80.625,imputed,78,190,82,147,0.31292517,0.129251701,0.034013605,0.129251701,0.367346939,0.496598639,0.442176871,0.586956522,0.2,0.421052632,0.259259259,430,4.3,0.43,59.91
Trey Alexander,G,73.855,measured,76,190,82,41,0.146341463,0.170731707,0.268292683,0.12195122,0.292682927,0.414634146,0.317073171,0.333333333,0.454545455,0.4,0.083333333,117,4.6,0.46,59.91
Tristen Newton,G,69.94,measured,77,195,80,8,0.125,0.5,0,0,0.375,0.375,0.625,1,0,0,0,0,0,0,59.91
TyTy Washington Jr.,G,80.625,imputed,75,195,80,45,0.022222222,0.311111111,0.2,0.177777778,0.288888889,0.466666667,0.333333333,1,0.333333333,0.25,0.153846154,118,6.7,0.67,59.91
Tyler Smith,G,88.67,measured,81,224,85,50,0.24,0.1,0.06,0.2,0.4,0.6,0.34,0.666666667,0.333333333,0.4,0.45,122,0.3,0.03,59.91
Tyson Etienne,G,80.625,imputed,74,188,77,52,0.115384615,0.019230769,0.019230769,0.269230769,0.576923077,0.846153846,0.134615385,0.333333333,1,0.428571429,0.233333333,151,3.2,0.32,59.91
Vlatko Cancar,G,85.83,imputed,80,236,83,26,0.346153846,0.076923077,0,0.153846154,0.423076923,0.576923077,0.423076923,0.444444444,0,0.5,0.181818182,136,2.4,0.24,59.91
Wendell Moore Jr.,G,80.625,imputed,77,215,84.75,126,0.428571429,0.158730159,0.087301587,0.174603175,0.150793651,0.325396825,0.587301587,0.611111111,0.363636364,0.409090909,0.263157895,499,4.5,0.45,59.91
Yuki Kawamura,G,80.625,imputed,68,154,71,30,0.066666667,0.066666667,0.1,0.1,0.666666667,0.766666667,0.133333333,0.5,0.666666667,0.333333333,0.3,0,0,0,59.91
Zyon Pullin,G,80.625,imputed,76,206,77,1,0,1,0,0,0,0,1,0,0,0,0,0,0,0,59.91
Ja Morant,F,80.625,imputed,74,174,78,889,0.293588301,0.310461192,0.075365579,0.059617548,0.255343082,0.31496063,0.604049494,0.62835249,0.47761194,0.320754717,0.31277533,1519,7.1,0.71,60
Jalen Smith,G-F,95.17,imputed,81,215,86.25,408,0.345588235,0.085784314,0.024509804,0.093137255,0.448529412,0.541666667,0.431372549,0.687943262,0.2,0.342105263,0.316939891,962,3.4,0.34,60
De'Aaron Fox,G,80.625,imputed,75,185,78.5,1163,0.20894239,0.296646604,0.166809974,0.056749785,0.269131556,0.325881341,0.505588994,0.658436214,0.412371134,0.348484848,0.303514377,2241,6,0.6,60.2
Luguentz Dort,G,94.43,measured,76,220,80.5,593,0.15851602,0.087689713,0.057335582,0.188870152,0.507588533,0.696458685,0.246205734,0.574468085,0.470588235,0.419642857,0.408637874,2073,3.3,0.33,60.2
Thomas Bryant,C-F,85.56,measured,82,248,90,321,0.3894081,0.118380062,0.031152648,0.165109034,0.295950156,0.46105919,0.507788162,0.672,0.8,0.41509434,0.273684211,963,3,0.3,60.2
Vit Krejci,F,80.625,imputed,80,195,83,292,0.147260274,0.126712329,0.020547945,0.157534247,0.547945205,0.705479452,0.273972603,0.720930233,0.5,0.543478261,0.40625,1153,7.6,0.76,60.3
Kessler Edwards,G-F,78.89,measured,79,203,83.25,135,0.362962963,0.2,0.037037037,0.207407407,0.192592593,0.4,0.562962963,0.653061224,0.2,0.357142857,0.461538462,608,5.3,0.53,60.4
LeBron James,F,85.83,imputed,81,250,84.25,1270,0.303937008,0.212598425,0.171653543,0.029133858,0.281102362,0.31023622,0.516535433,0.743523316,0.435779817,0.351351351,0.380952381,2444,8.4,0.84,60.4
Obi Toppin,G,85.83,imputed,81,220,86,599,0.340567613,0.121869783,0.035058431,0.20033389,0.293823038,0.494156928,0.462437396,0.784313725,0.285714286,0.45,0.318181818,1545,4.3,0.43,60.4
Zach Collins,F-C,95.17,imputed,83,250,85,302,0.407284768,0.218543046,0.01986755,0.082781457,0.268211921,0.350993377,0.625827815,0.707317073,0.5,0.28,0.308641975,977,5.7,0.57,60.4
Keaton Wallace,F,80.625,imputed,75,185,79,162,0.098765432,0.283950617,0.111111111,0.061728395,0.438271605,0.5,0.382716049,0.5625,0.222222222,0.4,0.323943662,501,7.4,0.74,60.5
Vasilije Micic,G,80.625,imputed,75,188,79,273,0.19047619,0.168498168,0.183150183,0.014652015,0.443223443,0.457875458,0.358974359,0.5,0.28,0.25,0.363636364,785,6.4,0.64,60.5
Chris Boucher,F,85.83,imputed,81,200,88,370,0.321621622,0.108108108,0.048648649,0.235135135,0.286486486,0.521621622,0.42972973,0.722689076,0.5,0.390804598,0.339622642,862,1.5,0.15,60.8
Tristan Vukcevic,C-F,80.15,measured,84,230,86,242,0.247933884,0.227272727,0.103305785,0.049586777,0.363636364,0.41322314,0.475206612,0.75,0.6,0.333333333,0.386363636,513,2.4,0.24,61
Jaren Jackson Jr.,C,95.17,imputed,82,242,89.25,1213,0.164056059,0.455070074,0.060181369,0.069249794,0.247320692,0.316570486,0.619126134,0.64321608,0.465753425,0.392857143,0.376666667,2207,2.6,0.26,61.1
Mikal Bridges,G-F,84.81,imputed,78,209,85,1183,0.203719358,0.226542688,0.178360101,0.18512257,0.196956889,0.382079459,0.430262046,0.755186722,0.507109005,0.424657534,0.30472103,3036,5.2,0.52,61.1
Myles Turner,C-F,89.695,imputed,83,250,88,811,0.230579531,0.193588163,0.09001233,0.069050555,0.41676942,0.485819975,0.424167694,0.695187166,0.547945205,0.5,0.378698225,2174,1.7,0.17,61.1
Jalen Wilson,G,94.72,measured,78,220,80,620,0.232258065,0.166129032,0.017741935,0.182258065,0.4,0.582258065,0.398387097,0.618055556,0.363636364,0.336283186,0.338709677,2031,3.9,0.39,61.3
Eric Gordon,G,93.27,measured,75,215,81,204,0.18627451,0.117647059,0.024509804,0.093137255,0.568627451,0.661764706,0.303921569,0.552631579,0.4,0.526315789,0.396551724,768,5,0.5,61.4
Jaylin Williams,F-G,80.25,measured,81,240,85,221,0.176470588,0.076923077,0.054298643,0.104072398,0.583710407,0.687782805,0.253393665,0.641025641,0.333333333,0.608695652,0.364341085,784,8.2,0.82,61.5
Malcolm Brogdon,G,90.13,measured,77,229,82.5,240,0.354166667,0.258333333,0.154166667,0.020833333,0.208333333,0.229166667,0.6125,0.647058824,0.27027027,0.4,0.28,564,6.6,0.66,61.5
Ben Sheppard,G,79.32,measured,78,190,79.75,287,0.209059233,0.06271777,0.034843206,0.411149826,0.282229965,0.693379791,0.271777003,0.683333333,0.5,0.338983051,0.345679012,1228,5.3,0.53,61.6
Tyrese Martin,G,85.83,imputed,78,215,81,465,0.169892473,0.165591398,0.058064516,0.197849462,0.404301075,0.602150538,0.335483871,0.696202532,0.37037037,0.391304348,0.335106383,1315,4.3,0.43,61.6
Lonzo Ball,G,80.625,imputed,78,190,81,243,0.082304527,0.074074074,0.041152263,0.181069959,0.604938272,0.78600823,0.156378601,0.55,0.3,0.386363636,0.340136054,777,7.2,0.72,61.8
Quentin Grimes,G,82.2,measured,76,210,79.75,823,0.277035237,0.091130012,0.120291616,0.12272175,0.388821385,0.511543135,0.368165249,0.684210526,0.373737374,0.485148515,0.353125,2013,4.6,0.46,61.8
DeMar DeRozan,C,83.39,measured,78,220,81,1308,0.092507645,0.222477064,0.489296636,0.064984709,0.126146789,0.191131498,0.314984709,0.719008264,0.4578125,0.364705882,0.321212121,2768,5.7,0.57,61.9
Nickeil Alexander-Walker,G,80.625,imputed,77,205,81.5,616,0.199675325,0.142857143,0.056818182,0.222402597,0.371753247,0.594155844,0.342532468,0.634146341,0.485714286,0.474452555,0.331877729,2073,5.8,0.58,62
Terry Rozier,G,84.77,measured,73,190,80.25,635,0.226771654,0.188976378,0.099212598,0.218897638,0.25984252,0.478740157,0.415748031,0.569444444,0.444444444,0.273381295,0.321212121,1658,4.3,0.43,62
Bennedict Mathurin,G-F,84.81,imputed,77,210,81,853,0.344665885,0.189917937,0.127784291,0.052754982,0.281359906,0.334114889,0.534583822,0.615646259,0.366972477,0.4,0.333333333,2149,2.2,0.22,62.2
Bobby Portis,F,83.85,measured,82,250,86,595,0.21512605,0.2,0.285714286,0.080672269,0.218487395,0.299159664,0.41512605,0.65625,0.417647059,0.4375,0.338461538,1244,3.9,0.39,62.2
Monte Morris,G,70.9,measured,74,183,76,195,0.102564103,0.302564103,0.153846154,0.21025641,0.230769231,0.441025641,0.405128205,0.65,0.466666667,0.365853659,0.355555556,571,6.3,0.63,62.2
Jared Butler,G,80.625,imputed,75,193,76,453,0.236203091,0.304635762,0.086092715,0.08388521,0.289183223,0.373068433,0.540838852,0.672897196,0.461538462,0.447368421,0.328244275,1044,8.4,0.84,62.3
Naz Reid,C,88.94,measured,81,264,87.25,923,0.241603467,0.22751896,0.030335861,0.120260022,0.378114843,0.498374865,0.469122427,0.659192825,0.428571429,0.378378378,0.381088825,2200,3.8,0.38,62.3
Nikola Vucevic,C,83.45,measured,82,260,88.5,1038,0.26300578,0.323699422,0.104046243,0.026011561,0.282273603,0.308285164,0.586705202,0.659340659,0.435185185,0.407407407,0.402730375,2278,5.2,0.52,62.4
Ryan Rollins,G,76.5,measured,75,180,81.75,271,0.265682657,0.173431734,0.118081181,0.191881919,0.250922509,0.442804428,0.439114391,0.666666667,0.40625,0.480769231,0.352941176,820,5.6,0.56,62.4
Dalton Knecht,G-F,87.92,measured,78,215,81,557,0.199281867,0.131059246,0.059245961,0.175942549,0.430879713,0.606822262,0.330341113,0.756756757,0.454545455,0.43877551,0.354166667,1494,2.3,0.23,62.5
Keegan Murray,F-G,85.83,imputed,80,225,83,820,0.18902439,0.185365854,0.07804878,0.164634146,0.381707317,0.546341463,0.374390244,0.774193548,0.375,0.377777778,0.329073482,2610,2.3,0.23,62.5
Malik Beasley,G,80.625,imputed,76,187,79,1071,0.083099907,0.12605042,0.075630252,0.155929038,0.557422969,0.713352007,0.209150327,0.617977528,0.407407407,0.526946108,0.386934673,2283,2.6,0.26,62.6
Matas Buzelis,F,82.96,measured,82,209,82,555,0.369369369,0.120720721,0.030630631,0.243243243,0.236036036,0.479279279,0.49009009,0.590243902,0.294117647,0.362962963,0.358778626,1511,2,0.2,62.6
Simone Fontecchio,F,85.83,imputed,80,209,82,373,0.211796247,0.109919571,0.069705094,0.227882038,0.375335121,0.603217158,0.321715818,0.582278481,0.346153846,0.282352941,0.371428571,1237,2.4,0.24,62.6
Svi Mykhailiuk,G-F,81.47,measured,79,205,77,302,0.119205298,0.135761589,0.072847682,0.168874172,0.496688742,0.665562914,0.254966887,0.555555556,0.454545455,0.352941176,0.346666667,760,4.1,0.41,62.6
Ziaire Williams,F,85.88,measured,81,185,82.25,520,0.288461538,0.098076923,0.032692308,0.248076923,0.328846154,0.576923077,0.386538462,0.593333333,0.294117647,0.310077519,0.368421053,1541,2.5,0.25,62.6
Brook Lopez,C,93.36,measured,85,282,89.5,774,0.257105943,0.180878553,0.080103359,0.050387597,0.431524548,0.481912145,0.437984496,0.778894472,0.451612903,0.564102564,0.350299401,2546,3.1,0.31,62.7
Jabari Smith Jr.,F,85.83,imputed,82,220,85,566,0.219081272,0.159010601,0.132508834,0.114840989,0.374558304,0.489399293,0.378091873,0.64516129,0.36,0.353846154,0.353773585,1716,1.3,0.13,62.7
Royce O'Neale,F,85.83,imputed,78,226,81,570,0.115789474,0.089473684,0.021052632,0.196491228,0.571929825,0.768421053,0.205263158,0.636363636,0.25,0.508928571,0.374233129,1837,5.3,0.53,62.7
Tristan da Silva,F,83.86,measured,80,217,82.25,483,0.265010352,0.182194617,0.057971014,0.200828157,0.291925466,0.492753623,0.447204969,0.5859375,0.321428571,0.360824742,0.319148936,1629,4.2,0.42,62.8
Cole Anthony,G,80.625,imputed,74,185,76.5,543,0.184162063,0.26335175,0.151012891,0.062615101,0.335174954,0.397790055,0.447513812,0.61,0.353658537,0.441176471,0.340659341,1234,5.6,0.56,62.9
Christian Braun,C,92.15,measured,78,220,78.5,821,0.521315469,0.158343484,0.047503045,0.090133983,0.181485993,0.271619976,0.679658952,0.714953271,0.41025641,0.351351351,0.422818792,2675,4.5,0.45,63
Michael Porter Jr.,F,85.83,imputed,82,218,84,1048,0.279580153,0.127862595,0.125954198,0.060114504,0.398854962,0.458969466,0.407442748,0.737201365,0.409090909,0.507936508,0.385167464,2593,3.3,0.33,63.2
Devin Vassell,G-F,84.81,imputed,77,200,82,889,0.168728909,0.132733408,0.214848144,0.119235096,0.363329584,0.482564679,0.301462317,0.62,0.455497382,0.433962264,0.346749226,1983,4.3,0.43,63.3
Julian Strawther,G,80.345,measured,78,205,81.25,486,0.183127572,0.21399177,0.049382716,0.086419753,0.467078189,0.553497942,0.397119342,0.651685393,0.416666667,0.5,0.321585903,1384,2.8,0.28,63.4
Bradley Beal,G,88.65,measured,76,207,80,694,0.191642651,0.236311239,0.191642651,0.125360231,0.255043228,0.380403458,0.42795389,0.736842105,0.421052632,0.413793103,0.372881356,1702,5,0.5,63.5
Jaylen Wells,G-F,78.78,measured,80,,79.25,676,0.168639053,0.153846154,0.097633136,0.227810651,0.352071006,0.579881657,0.322485207,0.692982456,0.409090909,0.363636364,0.344537815,2043,3.6,0.36,63.6
Jose Alvarado,G,80.625,imputed,72,179,73,521,0.151631478,0.214971209,0.040307102,0.122840691,0.468330134,0.591170825,0.366602687,0.544303797,0.428571429,0.359375,0.360655738,1366,7.7,0.77,63.6
Miles McBride,G,82.56,measured,74,195,80.75,547,0.166361974,0.104204753,0.15904936,0.166361974,0.398537477,0.564899452,0.270566728,0.505494505,0.494252874,0.373626374,0.371559633,1593,6.1,0.61,63.7
Moses Moody,G,80.625,imputed,77,211,84.75,568,0.198943662,0.153169014,0.054577465,0.225352113,0.367957746,0.593309859,0.352112676,0.725663717,0.161290323,0.4296875,0.339712919,1649,2.7,0.27,63.7
Fred VanVleet,G,80.625,imputed,72,197,74,759,0.122529644,0.113306983,0.156785244,0.06455863,0.532279315,0.596837945,0.235836627,0.494623656,0.403361345,0.326530612,0.353960396,2111,7.3,0.73,63.8
Antonio Reeves,G,75.99,measured,78,195,82,248,0.221774194,0.173387097,0.084677419,0.189516129,0.326612903,0.516129032,0.39516129,0.581818182,0.380952381,0.340425532,0.432098765,660,2.5,0.25,64
Dennis Schroder,G,71.18,measured,73,175,79.75,827,0.187424426,0.195888755,0.166868198,0.043530834,0.401451028,0.444981862,0.38331318,0.561290323,0.463768116,0.5,0.328313253,2105,7.6,0.76,64
Nikola Jokic,C,93.27,imputed,83,284,87,1364,0.315982405,0.356304985,0.085043988,0.010997067,0.215542522,0.226539589,0.67228739,0.719257541,0.517241379,0.533333333,0.43537415,2571,9.5,0.95,64
OG Anunoby,F,89.825,imputed,79,240,86.25,1027,0.379746835,0.096397274,0.075949367,0.210321324,0.23661149,0.446932814,0.476144109,0.656410256,0.320512821,0.37962963,0.366255144,2706,2.9,0.29,64
Nicolas Batum,G-F,84.81,imputed,79,230,85,238,0.088235294,0.029411765,0.029411765,0.428571429,0.424369748,0.852941176,0.117647059,0.571428571,0.428571429,0.460784314,0.405940594,1367,5.5,0.55,64.1
Tobias Harris,F,92.36,measured,80,226,83,805,0.219875776,0.293167702,0.159006211,0.151552795,0.176397516,0.327950311,0.513043478,0.734463277,0.40625,0.385245902,0.309859155,2305,3.8,0.38,64.1
Jordan Clarkson,G,83.35,measured,77,194,80,493,0.119675456,0.312373225,0.097363083,0.052738337,0.411764706,0.464503043,0.432048682,0.576271186,0.395833333,0.461538462,0.354679803,962,5.2,0.52,64.2
Joel Embiid,F-C,89.695,imputed,84,280,89,315,0.247619048,0.244444444,0.263492063,0,0.244444444,0.244444444,0.492063492,0.628205128,0.385542169,0,0.298701299,574,5.3,0.53,64.3
Jordan Hawkins,G,80.625,imputed,77,190,78.75,556,0.104316547,0.124100719,0.174460432,0.15647482,0.440647482,0.597122302,0.228417266,0.551724138,0.391752577,0.402298851,0.306122449,1321,1.7,0.17,64.3
Kentavious Caldwell-Pope,G,81.1,measured,77,204,80,544,0.139705882,0.0625,0.191176471,0.21875,0.387867647,0.606617647,0.202205882,0.736842105,0.528846154,0.344537815,0.341232227,2279,3.9,0.39,64.3
Paul George,F,85.83,imputed,80,220,83.25,570,0.140350877,0.11754386,0.271929825,0.085964912,0.38245614,0.468421053,0.257894737,0.7375,0.419354839,0.285714286,0.376146789,1334,5.6,0.56,64.3
Franz Wagner,F,85.83,imputed,82,220,83.5,1161,0.284237726,0.320413437,0.092161929,0.037037037,0.263565891,0.300602929,0.604651163,0.666666667,0.411214953,0.441860465,0.277777778,2023,5.7,0.57,64.7
D'Angelo Russell,G-F,80.625,imputed,75,193,81.75,638,0.131661442,0.21630094,0.087774295,0.051724138,0.509404389,0.561128527,0.347962382,0.619047619,0.339285714,0.272727273,0.32,1480,7.6,0.76,64.8
Aaron Gordon,G-F,93.69,measured,80,235,83.75,497,0.432595573,0.116700201,0.104627767,0.130784708,0.213279678,0.344064386,0.549295775,0.646511628,0.5,0.476923077,0.41509434,1447,5.8,0.58,65
Al Horford,C-F,98.6,measured,81,240,84.75,461,0.164859002,0.127982646,0.026030369,0.229934924,0.449023861,0.678958785,0.292841649,0.697368421,0.166666667,0.377358491,0.357487923,1659,5.3,0.53,65
Brandon Ingram,F,85.83,imputed,80,190,87,333,0.159159159,0.192192192,0.303303303,0.033033033,0.312312312,0.345345345,0.351351351,0.716981132,0.455445545,0.272727273,0.384615385,595,5.5,0.55,65.1
Kawhi Leonard,F,80.17,measured,78,225,87,623,0.186195827,0.274478331,0.23434992,0.04494382,0.260032103,0.304975923,0.460674157,0.724137931,0.479452055,0.392857143,0.413580247,1180,4.2,0.42,65.4
Khris Middleton,G,82.6,measured,79,222,82.75,337,0.09495549,0.210682493,0.299703264,0.065281899,0.326409496,0.391691395,0.305637982,0.625,0.504950495,0.318181818,0.372727273,843,7.7,0.77,65.4
Nikola Jovic,F,85.83,imputed,82,205,84.25,377,0.236074271,0.159151194,0.047745358,0.212201592,0.344827586,0.557029178,0.395225464,0.685393258,0.388888889,0.475,0.307692308,1156,6.1,0.61,65.4
Aaron Wiggins,F,77.94,measured,77,190,81.75,728,0.32967033,0.15521978,0.049450549,0.159340659,0.304945055,0.464285714,0.48489011,0.691666667,0.388888889,0.353448276,0.400900901,1744,3.5,0.35,65.8
Keyonte George,F,80.625,imputed,76,185,78,919,0.109902067,0.249183896,0.089227421,0.080522307,0.471164309,0.551686616,0.359085963,0.613861386,0.353658537,0.486486486,0.318706697,2109,7,0.7,65.8
Marcus Sasser,G,74.85,measured,73,195,79,296,0.155405405,0.192567568,0.138513514,0.077702703,0.435810811,0.513513514,0.347972973,0.695652174,0.414634146,0.391304348,0.379844961,811,6.9,0.69,65.8
Luka Doncic,F-G,89.825,imputed,78,230,83,1025,0.154146341,0.223414634,0.153170732,0.024390244,0.442926829,0.467317073,0.377560976,0.708860759,0.388535032,0.4,0.36784141,1769,7.6,0.76,66
Noah Clowney,F-C,95.17,imputed,82,210,86,372,0.163978495,0.11827957,0.016129032,0.185483871,0.51344086,0.698924731,0.282258065,0.573770492,0.166666667,0.347826087,0.329842932,1042,1.3,0.13,66
John Collins,G,96.47,measured,81,226,83.25,531,0.327683616,0.305084746,0.088512241,0.109227872,0.169491525,0.278719397,0.632768362,0.67816092,0.425531915,0.431034483,0.377777778,1220,2,0.2,66.3
Max Christie,G,82.41,measured,77,190,80.75,590,0.186440678,0.179661017,0.101694915,0.198305085,0.330508475,0.528813559,0.366101695,0.745454545,0.35,0.384615385,0.358974359,2127,3.7,0.37,66.4
Alec Burks,G,77.76,measured,77,214,82,271,0.070110701,0.099630996,0.066420664,0.380073801,0.380073801,0.760147601,0.169741697,0.421052632,0.444444444,0.40776699,0.446601942,863,3.4,0.34,66.5
Jalen Green,F,80.625,imputed,76,186,79.5,1437,0.242867084,0.145441893,0.151704941,0.051496173,0.40848991,0.459986082,0.388308977,0.641833811,0.362385321,0.378378378,0.350936968,2697,3.8,0.38,66.6
Aaron Holiday,G,69.67,measured,72,185,79.5,268,0.082089552,0.160447761,0.082089552,0.134328358,0.537313433,0.671641791,0.242537313,0.727272727,0.5,0.472222222,0.381944444,792,4.8,0.48,66.8
Jalen Brunson,G,79.59,measured,74,190,76,1200,0.188333333,0.291666667,0.189166667,0.049166667,0.281666667,0.330833333,0.48,0.64159292,0.449339207,0.406779661,0.378698225,2301,7.3,0.73,66.9
Caleb Houstan,F,80.625,imputed,80,205,83,190,0.057894737,0.042105263,0.057894737,0.294736842,0.547368421,0.842105263,0.1,0.545454545,0.363636364,0.321428571,0.442307692,788,3.2,0.32,67
Max Strus,G-F,84.81,imputed,77,215,79.5,373,0.158176944,0.053619303,0.002680965,0.249329759,0.533512064,0.782841823,0.211796247,0.745762712,0,0.397849462,0.381909548,1273,7.1,0.71,67.1
Taurean Prince,F,96.9,measured,78,218,83.5,514,0.192607004,0.107003891,0.048638132,0.336575875,0.311284047,0.647859922,0.299610895,0.585858586,0.4,0.450867052,0.43125,2166,4.8,0.48,67.2
Dillon Brooks,G-F,90.45,measured,79,225,78,895,0.154189944,0.2,0.121787709,0.131843575,0.391061453,0.522905028,0.354189944,0.550724638,0.458715596,0.381355932,0.402857143,2388,2.6,0.26,67.3
Jayson Tatum,G,89.825,imputed,80,210,83,1465,0.233447099,0.124914676,0.144709898,0.030716724,0.466211604,0.496928328,0.358361775,0.719298246,0.396226415,0.444444444,0.336749634,2624,6.4,0.64,67.3
Cade Cunningham,G,80.625,imputed,78,220,84.25,1457,0.249828415,0.331503089,0.131091283,0.014413178,0.270418668,0.284831846,0.581331503,0.568681319,0.45026178,0.380952381,0.360406091,2452,8.3,0.83,67.4
Donte DiVincenzo,G,91.26,measured,76,203,78,593,0.153456998,0.096121417,0.011804384,0.150084317,0.585160202,0.735244519,0.249578415,0.582417582,0.428571429,0.426966292,0.391930836,1606,6.7,0.67,67.4
Jerami Grant,F,85.83,imputed,79,213,86.75,574,0.256097561,0.132404181,0.097560976,0.200348432,0.31358885,0.513937282,0.388501742,0.462585034,0.357142857,0.373913043,0.361111111,1524,3.1,0.31,67.4
Miles Bridges,F,85.83,imputed,79,225,81.5,1089,0.303030303,0.232323232,0.051423324,0.101928375,0.305785124,0.407713499,0.535353535,0.654545455,0.303571429,0.378378378,0.297297297,2029,4.8,0.48,67.5
Jalen Suggs,F,80.625,imputed,77,205,77.5,481,0.174636175,0.189189189,0.133056133,0.074844075,0.41995842,0.494802495,0.363825364,0.738095238,0.359375,0.444444444,0.297029703,1002,4,0.4,67.7
Corey Kispert,F,89.37,measured,78,224,79,565,0.23539823,0.157522124,0.02300885,0.100884956,0.474336283,0.575221239,0.392920354,0.684210526,0.153846154,0.368421053,0.369402985,1602,3.2,0.32,67.8
Harrison Barnes,F,108.67,measured,79,225,83.25,683,0.304538799,0.133235725,0.035139092,0.300146413,0.224011713,0.524158126,0.437774524,0.658653846,0.5,0.473170732,0.385620915,2230,3.8,0.38,67.8
Malik Monk,G,80.625,imputed,75,200,77,939,0.197018104,0.250266241,0.096911608,0.056443024,0.397231097,0.453674121,0.447284345,0.616216216,0.406593407,0.452830189,0.308310992,2054,7,0.7,68.1
Quinten Post,C,80.92,measured,84,245,86,274,0.189781022,0.127737226,0.02919708,0.178832117,0.47080292,0.649635036,0.317518248,0.5,0.625,0.428571429,0.403100775,686,3.9,0.39,68.1
Georges Niang,F,79.9,measured,78,230,82,620,0.166129032,0.146774194,0.027419355,0.259677419,0.4,0.659677419,0.312903226,0.660194175,0.352941176,0.409937888,0.403225806,1697,3,0.3,68.2
Gradey Dick,G-F,81.15,measured,79,200,80.75,647,0.244204019,0.112828439,0.139103555,0.136012365,0.366306028,0.502318393,0.357032457,0.525316456,0.422222222,0.340909091,0.35443038,1587,2.3,0.23,68.5
Jay Huff,G,93.27,imputed,85,240,87,305,0.259016393,0.055737705,0.032786885,0.163934426,0.48852459,0.652459016,0.314754098,0.810126582,0.3,0.36,0.416107383,748,2,0.2,68.5
Jrue Holiday,F,78.76,measured,76,220,79,573,0.230366492,0.165794066,0.069808028,0.178010471,0.356020942,0.534031414,0.396160558,0.704545455,0.45,0.303921569,0.37745098,1896,6.7,0.67,68.5
Kristaps Porzingis,F-C,95.17,imputed,86,240,90,574,0.219512195,0.242160279,0.102787456,0.029616725,0.405923345,0.43554007,0.461672474,0.69047619,0.355932203,0.352941176,0.416309013,1210,3.5,0.35,69
Victor Wembanyama,G,95.17,imputed,89,235,96,857,0.241540257,0.12252042,0.165694282,0.031505251,0.431738623,0.463243874,0.364060677,0.753623188,0.401408451,0.333333333,0.359459459,1527,4.1,0.41,69.1
Garrison Mathews,G,80.625,imputed,77,215,79,257,0.050583658,0.058365759,0.042801556,0.26848249,0.579766537,0.848249027,0.108949416,0.538461538,0.272727273,0.579710145,0.302013423,830,3.8,0.38,69.3
Karl-Anthony Towns,F,89.695,imputed,84,248,87.5,1215,0.423045267,0.214814815,0.083950617,0.018106996,0.260082305,0.2781893,0.637860082,0.6692607,0.343137255,0.318181818,0.42721519,2517,3.5,0.35,69.4
AJ Green,F,80.625,imputed,76,190,79,424,0.030660377,0.025943396,0.087264151,0.264150943,0.58490566,0.849056604,0.056603774,0.615384615,0.351351351,0.526785714,0.383064516,1659,4.4,0.44,69.5
Johnny Juzang,C,83.055,measured,79,209,83,475,0.113684211,0.155789474,0.069473684,0.271578947,0.389473684,0.661052632,0.269473684,0.666666667,0.484848485,0.410852713,0.351351351,1270,2.7,0.27,69.5
Bogdan Bogdanovic,G,80.625,imputed,77,225,83,492,0.138211382,0.166666667,0.107723577,0.12601626,0.459349593,0.585365854,0.304878049,0.544117647,0.471698113,0.370967742,0.362831858,1348,5.2,0.52,70
Norman Powell,G,92.24,measured,75,215,82.75,945,0.26031746,0.205291005,0.081481481,0.06984127,0.37989418,0.44973545,0.465608466,0.650406504,0.363636364,0.393939394,0.426183844,1958,2.3,0.23,70
Nick Smith Jr.,G,80.625,imputed,74,185,80,568,0.079225352,0.251760563,0.13028169,0.112676056,0.424295775,0.536971831,0.330985915,0.577777778,0.418918919,0.359375,0.336099585,1369,4.6,0.46,70.4
Buddy Hield,G,80.625,imputed,76,220,81.25,786,0.142493639,0.091603053,0.067430025,0.171755725,0.525445293,0.697201018,0.234096692,0.651785714,0.339622642,0.385185185,0.365617433,1863,2.9,0.29,70.5
Tim Hardaway Jr.,G-F,84.81,measured,77,205,79,680,0.107352941,0.091176471,0.129411765,0.166176471,0.505882353,0.672058824,0.198529412,0.684931507,0.352272727,0.380530973,0.363372093,2153,3.1,0.31,70.6
Cameron Payne,G,76.32,measured,75,183,79.25,446,0.170403587,0.192825112,0.062780269,0.062780269,0.511210762,0.573991031,0.3632287,0.473684211,0.321428571,0.321428571,0.368421053,1090,7.9,0.79,71
Jamison Battle,G,85.83,imputed,79,220,80,347,0.11815562,0.07204611,0.063400576,0.311239193,0.435158501,0.746397695,0.190201729,0.536585366,0.454545455,0.407407407,0.40397351,1042,2.9,0.29,71
Seth Curry,G,80.625,imputed,73,185,76,343,0.093294461,0.119533528,0.256559767,0.172011662,0.358600583,0.530612245,0.212827988,0.75,0.488636364,0.542372881,0.414634146,1062,2.9,0.29,71.1
Jared McCain,F-C,73.93,measured,75,195,75.5,274,0.255474453,0.193430657,0.065693431,0.109489051,0.375912409,0.48540146,0.448905109,0.585714286,0.5,0.333333333,0.398058252,592,4.1,0.41,71.2
Donovan Mitchell,G,99.27,measured,75,215,82,1320,0.190151515,0.181060606,0.149242424,0.049242424,0.428030303,0.477272727,0.371212121,0.605577689,0.426395939,0.461538462,0.359292035,2232,5.9,0.59,71.4
Keon Ellis,F,68.69,measured,76,175,80.5,464,0.135775862,0.107758621,0.064655172,0.232758621,0.459051724,0.691810345,0.243534483,0.793650794,0.333333333,0.5,0.399061033,1948,3.7,0.37,71.8
Tyus Jones,G,70.83,measured,73,196,77,683,0.083455344,0.244509517,0.084919473,0.218155198,0.368960469,0.587115666,0.327964861,0.754385965,0.396551724,0.476510067,0.376984127,2174,9.1,0.91,71.8
Collin Sexton,G,80.625,imputed,75,190,79.25,867,0.207612457,0.362168397,0.117647059,0.070357555,0.24106113,0.311418685,0.569780854,0.622222222,0.352941176,0.459016393,0.392344498,1758,4.9,0.49,72.1
Derrick White,G,80.75,measured,76,190,79.5,959,0.107403545,0.114702815,0.057351408,0.128258603,0.592283629,0.720542231,0.222106361,0.718446602,0.418181818,0.430894309,0.373239437,2574,6.8,0.68,72.1
Grayson Allen,G,86.39,measured,75,198,79.25,489,0.151329243,0.116564417,0.016359918,0.202453988,0.513292434,0.715746421,0.267893661,0.635135135,0.25,0.494949495,0.398406375,1544,4.5,0.45,72.1
Cam Thomas,F,80.625,imputed,75,210,78.5,454,0.176211454,0.204845815,0.189427313,0.052863436,0.374449339,0.427312775,0.381057269,0.575,0.488372093,0.25,0.364705882,781,4.3,0.43,72.2
Tyrese Maxey,G,80.625,imputed,74,200,79,1091,0.292392301,0.181484876,0.087992667,0.041246563,0.394133822,0.435380385,0.473877177,0.589341693,0.4375,0.311111111,0.341860465,1960,5.9,0.59,72.3
Chris Paul,G,78.83,measured,72,175,76,583,0.02915952,0.111492281,0.222984563,0.084048027,0.548885077,0.632933105,0.140651801,0.823529412,0.469230769,0.346938776,0.384375,2292,10,1,72.4
Brandon Miller,F,85.83,imputed,79,200,83.5,491,0.132382892,0.183299389,0.087576375,0.052953157,0.535641548,0.588594705,0.315682281,0.676923077,0.302325581,0.307692308,0.365019011,924,4,0.4,72.7
Kevin Durant,F,77.99,measured,83,240,88.75,1124,0.110320285,0.304270463,0.254448399,0.078291815,0.252669039,0.330960854,0.414590747,0.790322581,0.531468531,0.5,0.408450704,2265,4.8,0.48,72.7
Amir Coffey,G-F,84.81,imputed,79,210,79.25,510,0.207843137,0.18627451,0.121568627,0.184313725,0.3,0.484313725,0.394117647,0.650943396,0.5,0.457446809,0.379084967,1748,2.5,0.25,72.8
De'Andre Hunter,F-C,89.825,imputed,80,221,86,762,0.18503937,0.199475066,0.106299213,0.152230971,0.354330709,0.50656168,0.384514436,0.617021277,0.49382716,0.370689655,0.422222222,1740,2.2,0.22,72.9
Devin Booker,G,78.69,measured,77,206,80.25,1420,0.142253521,0.24084507,0.228873239,0.052816901,0.335211268,0.388028169,0.383098592,0.688118812,0.516923077,0.346666667,0.329831933,2795,7.2,0.72,72.9
Trae Young,G,80.625,imputed,73,164,75,1376,0.159156977,0.261627907,0.112645349,0.037063953,0.425872093,0.462936047,0.420784884,0.525114155,0.451612903,0.431372549,0.332764505,2739,9.1,0.91,73
LaMelo Ball,F,80.625,imputed,79,180,80,1003,0.178464606,0.210368893,0.084745763,0.049850449,0.469591226,0.519441675,0.3888335,0.536312849,0.388235294,0.32,0.346072187,1505,7.1,0.71,73.1
Isaiah Joe,G,80.625,imputed,75,165,79.5,588,0.085034014,0.057823129,0.06462585,0.151360544,0.641156463,0.792517007,0.142857143,0.76,0.394736842,0.561797753,0.376657825,1604,4.1,0.41,73.3
Lauri Markkanen,F-C,95.17,imputed,85,240,83,700,0.201428571,0.167142857,0.061428571,0.104285714,0.464285714,0.568571429,0.368571429,0.638297872,0.325581395,0.410958904,0.332307692,1476,2.1,0.21,73.3
Tyrese Haliburton,F,80.625,imputed,77,185,79.75,1006,0.130218688,0.157057654,0.154075547,0.043737575,0.505964215,0.549701789,0.287276342,0.717557252,0.483870968,0.431818182,0.390962672,2451,9.9,0.99,73.3
Immanuel Quickley,G,76.69,measured,74,190,80.25,438,0.146118721,0.244292237,0.095890411,0.057077626,0.4543379,0.511415525,0.390410959,0.578125,0.404761905,0.4,0.376884422,918,7.6,0.76,73.6
Gary Trent Jr.,F,80.625,imputed,77,204,80.75,657,0.088280061,0.115677321,0.136986301,0.162861492,0.496194825,0.659056317,0.203957382,0.534482759,0.4,0.476635514,0.395705521,1893,2.3,0.23,74
Mike Conley,G,83.92,measured,73,175,77.75,468,0.11965812,0.16025641,0.057692308,0.188034188,0.472222222,0.66025641,0.27991453,0.535714286,0.185185185,0.5,0.375565611,1756,9,0.9,74.3
Austin Reaves,G,71.35,measured,77,197,78.25,1037,0.193828351,0.232401157,0.06171649,0.066538091,0.43876567,0.505303761,0.426229508,0.691542289,0.40625,0.463768116,0.369230769,2550,7.1,0.71,74.4
Zach LaVine,G,82.42,measured,77,200,80.25,1223,0.28045789,0.107113655,0.174161897,0.07686018,0.361406378,0.438266558,0.387571545,0.685131195,0.399061033,0.468085106,0.441176471,2602,4.6,0.46,74.5
Luke Kennard,G,80.625,imputed,77,206,77.25,431,0.106728538,0.164733179,0.118329466,0.153132251,0.454756381,0.607888631,0.271461717,0.717391304,0.470588235,0.515151515,0.408163265,1472,7.7,0.77,74.7
James Harden,F,92.14,measured,77,220,82.75,1295,0.158301158,0.240926641,0.084942085,0.023166023,0.492664093,0.515830116,0.399227799,0.590243902,0.445454545,0.4,0.349529781,2789,8.2,0.82,74.8
Sam Hauser,F,84.05,measured,79,217,81.25,474,0.067510549,0.033755274,0.056962025,0.238396624,0.601265823,0.839662447,0.101265823,0.71875,0.62962963,0.451327434,0.403508772,1541,3,0.3,74.9
Jamal Murray,G,80.625,imputed,76,215,78.5,1121,0.190900981,0.206958073,0.247992864,0.035682426,0.315789474,0.3514719,0.397859054,0.644859813,0.449640288,0.375,0.398305085,2418,6.6,0.66,75.1
Julian Champagnie,F,80.685,measured,79,217,82,665,0.189473684,0.063157895,0.02556391,0.228571429,0.493233083,0.721804511,0.252631579,0.634920635,0.411764706,0.407894737,0.353658537,1932,2.8,0.28,75.3
Sam Merrill,G,80.625,imputed,76,205,77,424,0.089622642,0.028301887,0.014150943,0.198113208,0.669811321,0.867924528,0.117924528,0.710526316,0.5,0.392857143,0.366197183,1401,4.7,0.47,75.3
Payton Pritchard,G,80.625,imputed,73,195,76,866,0.150115473,0.065819861,0.061200924,0.120092379,0.593533487,0.713625866,0.215935335,0.753846154,0.452830189,0.461538462,0.402723735,2271,5.9,0.59,75.4
Shai Gilgeous-Alexander,G,80.625,imputed,78,195,83.5,1656,0.254830918,0.272342995,0.210144928,0.009057971,0.253019324,0.262077295,0.527173913,0.696682464,0.5,0.333333333,0.377088305,2598,6.5,0.65,75.4
Trey Murphy III,F,92,measured,80,206,84,839,0.252681764,0.171632896,0.05363528,0.087008343,0.433849821,0.520858164,0.42431466,0.702830189,0.355555556,0.465753425,0.340659341,1854,4.5,0.45,75.8
Anthony Edwards,G,80.625,imputed,76,225,81,1612,0.225186104,0.141439206,0.130272953,0.062034739,0.434863524,0.496898263,0.36662531,0.633608815,0.376190476,0.43,0.395149786,2871,4.5,0.45,75.9
Duncan Robinson,F,85.83,imputed,79,215,80,663,0.146304676,0.105580694,0.019607843,0.149321267,0.57918552,0.728506787,0.25188537,0.649484536,0.384615385,0.414141414,0.388020833,1785,5.2,0.52,76.2
Aaron Nesmith,G,84.81,imputed,77,215,82,379,0.263852243,0.134564644,0.08707124,0.205804749,0.308707124,0.514511873,0.398416887,0.68,0.454545455,0.5,0.384615385,1123,2.3,0.23,76.3
Ty Jerome,G-F,72.49,measured,77,195,76,618,0.147249191,0.338187702,0.105177994,0.063106796,0.343042071,0.406148867,0.485436893,0.538461538,0.584615385,0.487179487,0.433962264,1392,6.7,0.67,76.3
Desmond Bane,G,80.625,imputed,77,215,76.25,1018,0.249508841,0.224950884,0.114931238,0.081532417,0.329076621,0.410609037,0.474459725,0.677165354,0.495726496,0.313253012,0.411940299,2205,6.7,0.67,76.9
Tyler Herro,G,80.625,imputed,77,195,75.25,1378,0.165457184,0.251814224,0.096516691,0.058780842,0.425979681,0.484760522,0.417271408,0.653508772,0.436090226,0.456790123,0.364565588,2725,6.4,0.64,77.3
Darius Garland,F,80.625,imputed,73,192,77,1174,0.180579216,0.224872232,0.1439523,0.071550256,0.378194208,0.449744463,0.405451448,0.608490566,0.437869822,0.380952381,0.405405405,2301,7.6,0.76,77.6
Brice Sensabaugh,F,85.83,imputed,78,235,83,599,0.103505843,0.188647746,0.086811352,0.202003339,0.41736227,0.619365609,0.292153589,0.629032258,0.461538462,0.504132231,0.384,1432,2.8,0.28,78.3
Anfernee Simons,G,80.5,measured,75,200,81.25,1125,0.166222222,0.182222222,0.124444444,0.052444444,0.470222222,0.522666667,0.348444444,0.614973262,0.471428571,0.355932203,0.366729679,2292,5.5,0.55,78.4
Coby White,G,80.625,imputed,77,195,77,1121,0.257805531,0.140053524,0.08117752,0.072256913,0.441570027,0.51382694,0.397859054,0.640138408,0.384615385,0.382716049,0.373737374,2450,4.8,0.48,78.5
Klay Thompson,G,76.5,measured,77,220,81,877,0.080957811,0.096921323,0.191562144,0.177879133,0.45267959,0.630558723,0.177879133,0.676056338,0.404761905,0.384615385,0.392947103,1965,3.2,0.32,78.5
Cameron Johnson,G,84.54,measured,80,210,82,747,0.224899598,0.123159304,0.105756359,0.124497992,0.421686747,0.546184739,0.348058902,0.714285714,0.417721519,0.430107527,0.377777778,1800,5.3,0.53,79.1
Jordan Poole,G,75.34,measured,76,194,78.75,1057,0.209082308,0.132450331,0.070009461,0.053926206,0.531693472,0.585619678,0.34153264,0.678733032,0.337837838,0.333333333,0.384341637,2001,5.2,0.52,79.9
Kyrie Irving,G,80.625,imputed,74,195,76,945,0.198941799,0.237037037,0.184126984,0.063492063,0.315343915,0.378835979,0.435978836,0.675531915,0.408045977,0.5,0.382550336,1804,4.8,0.48,80.3
Damian Lillard,G,87.03,measured,74,200,79.75,992,0.202620968,0.102822581,0.166330645,0.04233871,0.481854839,0.524193548,0.305443548,0.606965174,0.478787879,0.404761905,0.376569038,2093,7.1,0.71,83.3
Stephen Curry,G,75.26,measured,74,185,75.5,1258,0.128775835,0.144674086,0.103338633,0.067567568,0.550874404,0.618441971,0.273449921,0.641975309,0.5,0.482352941,0.388167388,2252,6.5,0.65,91.5
